Frequency(Hz),Air,Water,NaOH,HCl,NaCl,Ethanol,Glycerol,nothing
250000000,-61.19,-62.87,-63.11,-63.15,-63.22,-62.57,-62.46,-61.06
250133333,-61.29,-62.83,-63.18,-63.19,-63.44,-62.54,-62.49,-61.14
250266667,-61.38,-62.83,-63.18,-63.3,-63.3,-62.54,-62.49,-61.15
250400000,-61.28,-62.88,-63.22,-63.16,-63.36,-62.61,-62.51,-61.15
250533333,-61.42,-62.9,-63.1,-63.09,-63.31,-62.58,-62.62,-61.3
250666667,-61.43,-62.92,-63.26,-63.19,-63.35,-62.66,-62.55,-61.35
250800000,-61.45,-62.91,-63.36,-63.29,-63.35,-62.71,-62.72,-61.38
250933333,-61.51,-63.04,-63.36,-63.39,-63.37,-62.66,-62.56,-61.4
251066667,-61.58,-63.07,-63.29,-63.33,-63.34,-62.67,-62.64,-61.43
251200000,-61.63,-63.14,-63.32,-63.34,-63.49,-62.82,-62.76,-61.61
251333333,-61.7,-63.19,-63.4,-63.38,-63.46,-62.74,-62.77,-61.58
251466667,-61.81,-63.18,-63.56,-63.45,-63.46,-62.85,-62.78,-61.6
251600000,-61.7,-63.24,-63.34,-63.37,-63.43,-62.75,-62.77,-61.6
251733333,-61.81,-63.2,-63.29,-63.42,-63.35,-62.87,-62.68,-61.7
251866667,-61.84,-63.04,-63.31,-63.4,-63.46,-62.82,-62.79,-61.65
252000000,-61.78,-63.26,-63.35,-63.43,-63.51,-62.86,-62.72,-61.85
252133333,-61.88,-63.1,-63.46,-63.45,-63.45,-62.88,-62.89,-61.82
252266667,-61.98,-63.14,-63.42,-63.41,-63.55,-62.89,-62.7,-61.83
252400000,-61.93,-63.03,-63.43,-63.49,-63.59,-62.79,-62.94,-61.92
252533333,-62.03,-63.21,-63.43,-63.38,-63.56,-62.96,-62.95,-61.89
252666667,-62.04,-63.08,-63.33,-63.55,-63.53,-62.93,-62.88,-61.97
252800000,-62.14,-63.13,-63.41,-63.47,-63.46,-62.98,-62.74,-62.03
252933333,-62.04,-63.26,-63.42,-63.43,-63.46,-62.87,-62.72,-61.96
253066667,-62.06,-63.22,-63.51,-63.39,-63.51,-62.71,-62.79,-62.04
253200000,-61.99,-63.14,-63.41,-63.55,-63.6,-62.85,-62.84,-62.19
253333333,-62.17,-63.25,-63.45,-63.54,-63.46,-62.82,-62.89,-62.19
253466667,-62.25,-63.37,-63.43,-63.52,-63.36,-62.96,-62.9,-62.13
253600000,-62.12,-63.21,-63.47,-63.47,-63.48,-63.03,-62.82,-62.2
253733333,-62.28,-63.16,-63.47,-63.5,-63.53,-62.92,-62.81,-62.09
253866667,-62.14,-63.18,-63.46,-63.52,-63.42,-62.86,-62.84,-62.18
254000000,-62.39,-63.18,-63.5,-63.59,-63.5,-62.89,-62.88,-62.26
254133333,-62.18,-63.17,-63.35,-63.63,-63.52,-62.95,-62.85,-62.19
254266667,-62.19,-63.11,-63.41,-63.48,-63.49,-62.89,-62.83,-62.28
254400000,-62.28,-63.11,-63.38,-63.48,-63.54,-62.87,-62.82,-62.3
254533333,-62.31,-63.16,-63.49,-63.53,-63.55,-62.95,-62.81,-62.28
254666667,-62.23,-63.12,-63.35,-63.58,-63.41,-62.95,-62.89,-62.25
254800000,-62.33,-63.18,-63.5,-63.62,-63.37,-62.88,-62.89,-62.28
254933333,-62.41,-63.16,-63.36,-63.61,-63.53,-62.87,-62.86,-62.3
255066667,-62.36,-63.14,-63.39,-63.44,-63.44,-62.91,-62.98,-62.23
255200000,-62.46,-63.18,-63.52,-63.43,-63.61,-63.01,-62.75,-62.43
255333333,-62.36,-63.19,-63.33,-63.5,-63.46,-62.88,-62.91,-62.32
255466667,-62.44,-63.19,-63.43,-63.48,-63.37,-62.91,-62.84,-62.37
255600000,-62.27,-63.13,-63.36,-63.38,-63.3,-62.86,-62.89,-62.26
255733333,-62.46,-63.1,-63.51,-63.45,-63.42,-62.97,-62.76,-62.49
255866667,-62.39,-63.19,-63.35,-63.59,-63.44,-62.87,-62.83,-62.5
256000000,-62.39,-63.11,-63.42,-63.44,-63.37,-63.03,-62.94,-62.44
256133333,-62.44,-63.19,-63.52,-63.56,-63.43,-62.97,-62.74,-62.51
256266667,-62.55,-63.2,-63.47,-63.47,-63.44,-62.99,-62.82,-62.58
256400000,-62.65,-63.07,-63.43,-63.54,-63.45,-62.89,-62.9,-62.53
256533333,-62.52,-63.14,-63.56,-63.43,-63.31,-62.9,-62.84,-62.52
256666667,-62.46,-63.16,-63.44,-63.44,-63.44,-62.83,-62.82,-62.5
256800000,-62.57,-63.02,-63.49,-63.45,-63.41,-63,-62.82,-62.53
256933333,-62.66,-63.06,-63.54,-63.5,-63.32,-62.87,-62.75,-62.51
257066667,-62.59,-63.2,-63.34,-63.5,-63.34,-62.78,-62.87,-62.63
257200000,-62.55,-63.25,-63.58,-63.58,-63.37,-62.91,-62.9,-62.6
257333333,-62.58,-63.19,-63.45,-63.49,-63.42,-62.95,-62.82,-62.64
257466667,-62.76,-63.25,-63.54,-63.75,-63.33,-62.89,-62.77,-62.69
257600000,-62.64,-63.03,-63.38,-63.71,-63.44,-63.01,-62.84,-62.69
257733333,-62.79,-63.27,-63.3,-63.55,-63.39,-62.93,-62.81,-62.69
257866667,-62.67,-63.16,-63.34,-63.58,-63.43,-62.88,-62.88,-62.59
258000000,-62.73,-63.17,-63.3,-63.46,-63.41,-62.91,-62.76,-62.77
258133333,-62.71,-63.21,-63.46,-63.58,-63.4,-62.88,-62.88,-62.71
258266667,-62.77,-63.14,-63.5,-63.69,-63.42,-63,-62.86,-62.73
258400000,-62.7,-63.19,-63.35,-63.62,-63.37,-62.93,-62.75,-62.72
258533333,-62.89,-63.21,-63.39,-63.57,-63.3,-63,-62.81,-62.72
258666667,-62.84,-63.21,-63.56,-63.63,-63.46,-62.98,-62.89,-62.89
258800000,-62.79,-63.18,-63.54,-63.7,-63.37,-63.02,-62.91,-63.03
258933333,-62.8,-63.2,-63.57,-63.58,-63.44,-63.17,-62.93,-62.88
259066667,-62.82,-63.26,-63.56,-63.65,-63.37,-63.06,-62.86,-62.89
259200000,-62.78,-63.13,-63.6,-63.64,-63.43,-62.88,-62.83,-62.83
259333333,-62.88,-63.2,-63.52,-63.69,-63.29,-62.99,-62.83,-62.98
259466667,-62.91,-63.28,-63.44,-63.84,-63.41,-63.01,-62.93,-62.98
259600000,-63.01,-63.29,-63.52,-63.68,-63.5,-63.06,-62.92,-62.99
259733333,-62.89,-63.31,-63.6,-63.75,-63.51,-63.14,-63.01,-63.02
259866667,-63.06,-63.29,-63.5,-63.81,-63.58,-63,-62.94,-63.04
260000000,-63.22,-63.3,-63.7,-63.86,-63.53,-63.21,-63.03,-63.24
260133333,-63.13,-63.42,-63.61,-63.79,-63.57,-63.05,-63,-63.03
260266667,-63.14,-63.37,-63.62,-63.83,-63.58,-63.06,-63.11,-63.15
260400000,-63.09,-63.35,-63.63,-63.92,-63.4,-63.12,-63.02,-63.1
260533333,-63.17,-63.34,-63.67,-63.81,-63.64,-63.04,-63.07,-63.2
260666667,-63.29,-63.33,-63.7,-63.85,-63.53,-63.1,-63.15,-63.33
260800000,-63.19,-63.42,-63.83,-64.02,-63.58,-63.18,-63,-63.28
260933333,-63.2,-63.51,-63.69,-63.95,-63.7,-63.35,-63.03,-63.43
261066667,-63.43,-63.42,-63.78,-63.91,-63.68,-63.23,-63.19,-63.4
261200000,-63.43,-63.54,-63.75,-64.08,-63.82,-63.42,-63.16,-63.45
261333333,-63.46,-63.57,-63.87,-64.04,-63.68,-63.35,-63.16,-63.5
261466667,-63.37,-63.55,-63.79,-64.09,-63.68,-63.44,-63.32,-63.6
261600000,-63.44,-63.55,-63.96,-64.13,-63.71,-63.36,-63.27,-63.46
261733333,-63.51,-63.58,-63.9,-64.06,-63.7,-63.42,-63.27,-63.6
261866667,-63.57,-63.61,-63.89,-64.17,-63.7,-63.34,-63.17,-63.56
262000000,-63.52,-63.72,-64.09,-64.27,-63.78,-63.54,-63.33,-63.69
262133333,-63.77,-63.63,-64.07,-64.26,-63.77,-63.41,-63.37,-63.7
262266667,-63.72,-63.72,-64,-64.31,-64,-63.56,-63.34,-63.93
262400000,-63.79,-63.81,-64.1,-64.37,-63.93,-63.66,-63.43,-64.03
262533333,-63.98,-63.9,-64.22,-64.54,-64.01,-63.72,-63.52,-64.01
262666667,-63.97,-63.84,-64.12,-64.37,-63.97,-63.81,-63.55,-64.04
262800000,-64.06,-63.9,-64.18,-64.57,-64.04,-63.72,-63.52,-64.11
262933333,-64.06,-63.85,-64.26,-64.72,-64.09,-63.75,-63.56,-64.15
263066667,-64.04,-63.97,-64.23,-64.53,-64.01,-63.81,-63.59,-64.22
263200000,-64.29,-64.08,-64.35,-64.6,-64.05,-63.74,-63.67,-64.11
263333333,-64.25,-64.29,-64.46,-64.83,-64.34,-63.95,-63.89,-64.27
263466667,-64.53,-64.28,-64.48,-64.71,-64.13,-63.96,-63.71,-64.36
263600000,-64.44,-64.19,-64.48,-64.82,-64.36,-64.13,-63.8,-64.55
263733333,-64.38,-64.35,-64.7,-64.86,-64.32,-64.06,-63.96,-64.54
263866667,-64.6,-64.36,-64.64,-64.85,-64.32,-64.27,-63.95,-64.56
264000000,-64.52,-64.36,-64.65,-65.09,-64.39,-64.2,-63.94,-64.71
264133333,-64.77,-64.41,-64.63,-65.08,-64.47,-64.26,-63.99,-64.79
264266667,-64.88,-64.45,-64.57,-65.08,-64.41,-64.37,-64.04,-64.8
264400000,-64.73,-64.51,-64.88,-65.25,-64.48,-64.38,-64.01,-64.84
264533333,-64.93,-64.66,-64.91,-65.17,-64.57,-64.4,-64.31,-65.1
264666667,-65.1,-64.61,-64.97,-65.29,-64.54,-64.53,-64.21,-64.99
264800000,-65.3,-64.72,-64.95,-65.36,-64.82,-64.67,-64.28,-65.47
264933333,-65.45,-64.89,-64.97,-65.36,-64.71,-64.76,-64.56,-65.42
265066667,-65.26,-64.84,-64.99,-65.42,-64.83,-64.73,-64.66,-65.3
265200000,-65.44,-64.89,-65.27,-65.44,-64.86,-64.87,-64.61,-65.67
265333333,-65.68,-65.04,-65.22,-65.55,-64.99,-64.83,-64.52,-65.63
265466667,-65.74,-65.15,-65.13,-65.53,-64.95,-64.83,-64.6,-65.67
265600000,-65.77,-65.12,-65.31,-65.68,-64.91,-65.09,-64.82,-65.9
265733333,-66.05,-65.15,-65.23,-65.64,-64.95,-65.15,-64.77,-65.93
265866667,-65.87,-65.38,-65.4,-65.8,-64.98,-65.33,-65.05,-66.1
266000000,-66.13,-65.32,-65.36,-65.8,-65.12,-65.51,-65.01,-66.27
266133333,-66.35,-65.38,-65.58,-65.73,-65.14,-65.31,-65.2,-66.34
266266667,-66.39,-65.44,-65.61,-65.95,-65.22,-65.55,-65.27,-66.42
266400000,-66.37,-65.44,-65.53,-65.75,-65.38,-65.53,-65.27,-66.69
266533333,-66.72,-65.6,-65.7,-66.26,-65.33,-65.77,-65.25,-66.63
266666667,-66.84,-65.7,-65.75,-66.13,-65.32,-65.93,-65.53,-66.95
266800000,-66.87,-65.75,-65.8,-66.13,-65.36,-65.8,-65.51,-67.13
266933333,-67.07,-65.87,-65.88,-66.26,-65.38,-66.1,-65.69,-67.22
267066667,-67.21,-65.86,-65.79,-66.25,-65.54,-66.06,-65.76,-67.4
267200000,-67.28,-65.91,-65.96,-66.16,-65.49,-66.08,-65.72,-67.53
267333333,-67.52,-66.13,-66.01,-66.36,-65.38,-66.23,-65.82,-67.45
267466667,-67.49,-66.18,-66.07,-66.29,-65.41,-66.19,-65.96,-67.6
267600000,-67.75,-66.09,-66.07,-66.28,-65.53,-66.37,-66.12,-67.95
267733333,-67.87,-66.54,-66.07,-66.28,-65.64,-66.52,-66.29,-68.18
267866667,-68.05,-66.48,-66.01,-66.36,-65.68,-66.62,-66.29,-68.34
268000000,-68.52,-66.32,-66.05,-66.4,-65.58,-66.64,-66.49,-68.11
268133333,-68.56,-66.42,-66.13,-66.38,-65.67,-66.79,-66.62,-68.61
268266667,-68.56,-66.45,-66.17,-66.42,-65.8,-66.97,-66.67,-68.7
268400000,-68.87,-66.56,-66.15,-66.42,-65.77,-66.98,-66.43,-68.74
268533333,-68.83,-66.64,-66.23,-66.54,-65.93,-67.09,-67.02,-69.15
268666667,-69.07,-66.76,-66.25,-66.6,-65.81,-67.2,-66.98,-69.45
268800000,-69.44,-66.62,-66.39,-66.59,-65.79,-67.41,-67.05,-69.45
268933333,-69.4,-66.73,-66.23,-66.56,-65.77,-67.32,-67.2,-69.4
269066667,-69.31,-66.78,-66.29,-66.52,-65.88,-67.32,-67.26,-69.59
269200000,-69.59,-66.82,-66.29,-66.34,-65.92,-67.67,-67.33,-69.91
269333333,-69.95,-66.89,-66.29,-66.32,-65.85,-67.58,-67.35,-70.02
269466667,-69.87,-67.2,-66.31,-66.32,-65.82,-67.58,-67.41,-70.21
269600000,-70.1,-67.08,-66.24,-66.39,-66.12,-67.62,-67.43,-70.54
269733333,-70.37,-67,-66.28,-66.4,-65.97,-68.06,-67.9,-70.59
269866667,-70.61,-67.14,-66.22,-66.57,-66.04,-68.04,-67.78,-70.9
270000000,-70.83,-67.06,-66.5,-66.55,-66.08,-67.89,-67.84,-70.78
270133333,-70.66,-67.1,-66.69,-66.55,-65.97,-68.07,-68.05,-70.96
270266667,-71.07,-67.03,-66.36,-66.32,-65.97,-68.16,-67.97,-71.01
270400000,-70.92,-67.3,-66.3,-66.45,-66.04,-68.13,-68.07,-71.76
270533333,-71.19,-67.28,-66.23,-66.46,-66.04,-68.18,-68.04,-71.55
270666667,-71.78,-67.13,-66.3,-66.42,-66.1,-68.2,-68.21,-71.89
270800000,-72.08,-67.39,-66.38,-66.33,-66.03,-68.43,-68.28,-71.85
270933333,-71.77,-67.3,-66.17,-66.48,-65.91,-68.68,-68.35,-72.05
271066667,-71.88,-67.38,-66.4,-66.22,-66.05,-68.52,-68.64,-72.31
271200000,-72.33,-67.47,-66.39,-66.46,-65.93,-68.7,-68.67,-72.49
271333333,-72.37,-67.39,-66.43,-66.39,-65.92,-68.5,-68.69,-72.24
271466667,-72.36,-67.45,-66.3,-66.31,-65.87,-68.64,-68.69,-72.25
271600000,-72.41,-67.29,-66.25,-66.37,-65.98,-68.64,-68.99,-72.6
271733333,-72.49,-67.31,-66.28,-66.4,-65.99,-68.7,-68.72,-73.19
271866667,-72.82,-67.46,-66.29,-66.23,-66.05,-68.86,-68.93,-72.96
272000000,-72.99,-67.5,-66.21,-66.21,-65.95,-68.81,-69.2,-72.99
272133333,-73.01,-67.55,-66.17,-66.4,-66.18,-68.83,-69.2,-73.25
272266667,-73.02,-67.45,-66.3,-66.19,-66.06,-68.76,-69.11,-73.23
272400000,-73.21,-67.57,-66.45,-66.39,-66.04,-68.86,-69.11,-73.87
272533333,-73.36,-67.49,-66.25,-66.37,-66.03,-69.12,-69.32,-73.66
272666667,-73.49,-67.44,-66.18,-66.34,-66.07,-69,-69.16,-73.63
272800000,-73.64,-67.29,-66.28,-66.18,-66.01,-68.95,-69.27,-73.85
272933333,-73.63,-67.32,-66.09,-66.19,-66.08,-69.02,-69.55,-74.01
273066667,-73.52,-67.45,-66.06,-66.42,-66.05,-69.13,-69.49,-74.54
273200000,-73.79,-67.45,-66.17,-66.09,-66.19,-69.23,-69.45,-74.15
273333333,-73.7,-67.59,-66.15,-66.14,-65.98,-69.13,-69.48,-73.94
273466667,-74.04,-67.47,-66.1,-66.15,-65.98,-69.02,-69.59,-74.5
273600000,-74.19,-67.55,-66.13,-66.27,-66.09,-69.17,-69.49,-74.64
273733333,-74.35,-67.58,-66.16,-66.2,-66,-69.25,-69.62,-74.95
273866667,-74.02,-67.55,-66.3,-66.19,-66.03,-69.12,-69.72,-75.08
274000000,-74.34,-67.41,-66.17,-66.18,-66.18,-68.94,-69.72,-74.54
274133333,-74.81,-67.51,-66.04,-66.27,-66.08,-69.14,-69.65,-74.85
274266667,-74.97,-67.65,-66.07,-66.11,-65.95,-69.11,-69.59,-75.23
274400000,-74.66,-67.62,-66.17,-66.21,-66.07,-69.24,-69.74,-75.56
274533333,-74.77,-67.7,-66.18,-66.1,-65.9,-69.28,-69.84,-75.18
274666667,-74.67,-67.52,-66.04,-66.11,-66.02,-69.4,-69.88,-75.22
274800000,-75.14,-67.54,-66.08,-66.21,-65.97,-69.09,-69.88,-75.11
274933333,-74.86,-67.48,-66.09,-66.16,-66.11,-69.13,-69.73,-75.61
275066667,-74.76,-67.38,-66.18,-66.18,-65.96,-69.21,-69.83,-75.78
275200000,-74.48,-67.62,-66.02,-65.91,-65.93,-69.28,-69.94,-75.87
275333333,-75.52,-67.45,-65.88,-66.03,-66,-69.15,-69.87,-76.17
275466667,-75.22,-67.44,-66.06,-65.99,-65.85,-69.32,-69.81,-76.02
275600000,-75.33,-67.46,-66.01,-65.89,-65.79,-69.17,-69.97,-75.72
275733333,-75.15,-67.44,-65.98,-65.83,-65.81,-69.43,-69.97,-75.76
275866667,-75.34,-67.33,-65.98,-65.98,-65.91,-69.34,-69.94,-75.64
276000000,-75.27,-67.54,-65.93,-65.87,-65.71,-69.02,-69.96,-76.32
276133333,-74.88,-67.42,-65.93,-65.76,-65.76,-69.31,-70.02,-76.18
276266667,-75.18,-67.54,-65.85,-65.89,-65.75,-69.27,-69.91,-75.9
276400000,-75.08,-67.49,-65.76,-65.83,-65.8,-69.24,-69.89,-76.47
276533333,-75.13,-67.55,-65.9,-65.88,-65.71,-69.33,-70.09,-76.3
276666667,-75.3,-67.3,-65.79,-65.77,-65.66,-68.91,-69.85,-76.22
276800000,-75.34,-67.14,-65.79,-65.64,-65.49,-69.06,-69.99,-76.07
276933333,-75.46,-67.08,-65.77,-65.78,-65.64,-68.97,-69.53,-76.44
277066667,-75.41,-67.19,-65.65,-65.78,-65.54,-69.03,-69.62,-76.82
277200000,-75.23,-67.25,-65.64,-65.72,-65.69,-69.13,-69.49,-76.57
277333333,-75.11,-67.11,-65.63,-65.64,-65.49,-68.99,-69.94,-75.79
277466667,-75.26,-67.04,-65.63,-65.6,-65.38,-68.97,-70.07,-76.22
277600000,-75.87,-67.16,-65.57,-65.56,-65.44,-68.9,-70.03,-76.2
277733333,-75.32,-66.92,-65.42,-65.37,-65.32,-68.73,-69.79,-76.29
277866667,-75.37,-66.92,-65.39,-65.38,-65.3,-68.89,-69.66,-76.03
278000000,-75.55,-66.79,-65.33,-65.56,-65.1,-68.56,-69.68,-76.84
278133333,-75.78,-66.77,-65.29,-65.41,-65.3,-68.51,-69.59,-76.47
278266667,-75.3,-66.86,-65.2,-65.22,-65.2,-68.63,-69.66,-76.51
278400000,-75.73,-66.75,-65.21,-65.17,-65,-68.69,-69.39,-76.65
278533333,-74.97,-66.64,-65.25,-65.18,-65.03,-68.42,-69.65,-76.17
278666667,-75.23,-66.93,-65.15,-65.15,-64.93,-68.68,-69.38,-76.49
278800000,-75.57,-66.73,-65,-65.14,-65.03,-68.45,-69.66,-76.85
278933333,-75.42,-66.59,-65.03,-65.21,-64.93,-68.47,-69.38,-76.69
279066667,-75.84,-66.48,-64.86,-65.03,-64.92,-68.19,-69.33,-76.05
279200000,-75.43,-66.28,-64.88,-64.91,-64.86,-68.32,-69.29,-76.65
279333333,-75.28,-66.34,-65.05,-64.67,-64.78,-68.17,-69.45,-76.67
279466667,-75.42,-66.32,-64.63,-64.76,-64.76,-68.06,-69.35,-76.46
279600000,-75.21,-66.28,-64.7,-64.73,-64.5,-68.21,-69.24,-76.49
279733333,-75.35,-66.24,-64.59,-64.79,-64.57,-68.17,-69.43,-75.91
279866667,-75.56,-66.09,-64.67,-64.7,-64.35,-68.2,-69.26,-76.13
280000000,-75.46,-66.18,-64.55,-64.52,-64.47,-67.96,-69.11,-76.48
280133333,-75.14,-66.02,-64.4,-64.6,-64.32,-68.1,-69.12,-76.21
280266667,-75.06,-65.92,-64.23,-64.39,-64.15,-67.91,-69.06,-75.9
280400000,-75.24,-65.74,-64.34,-64.37,-64.08,-67.58,-69.18,-75.85
280533333,-75.1,-65.58,-64.23,-64.21,-64.11,-67.68,-68.85,-75.85
280666667,-75.07,-65.6,-64.18,-64.26,-64.12,-67.58,-68.71,-76.46
280800000,-74.7,-65.68,-64.09,-64.14,-63.95,-67.48,-69,-76.02
280933333,-75.21,-65.5,-63.91,-64.03,-63.9,-67.55,-68.74,-76.33
281066667,-75.2,-65.46,-63.94,-63.95,-63.77,-67.53,-68.51,-76.12
281200000,-74.75,-65.39,-63.95,-63.94,-63.76,-67.5,-68.68,-75.71
281333333,-74.81,-65.36,-63.75,-63.8,-63.65,-67.32,-68.54,-75.98
281466667,-74.66,-65.35,-63.73,-63.71,-63.63,-67.23,-68.56,-76.39
281600000,-74.91,-65.11,-63.63,-63.82,-63.51,-67.07,-68.27,-75.76
281733333,-74.59,-65.17,-63.69,-63.53,-63.45,-67.17,-68.32,-75.53
281866667,-74.57,-64.97,-63.36,-63.57,-63.47,-67.23,-68.28,-76.14
282000000,-74.89,-65.04,-63.37,-63.57,-63.22,-67,-68.48,-76.13
282133333,-75.22,-64.93,-63.33,-63.37,-63.22,-67.05,-68.32,-76.3
282266667,-74.66,-64.84,-63.31,-63.36,-63.01,-67.05,-68.17,-75.71
282400000,-74.87,-64.73,-63.19,-63.23,-63.11,-66.68,-68.47,-76.17
282533333,-74.47,-64.75,-63.09,-63.17,-62.92,-66.88,-68.15,-76.07
282666667,-74.48,-64.61,-63.05,-63.06,-62.88,-66.72,-67.95,-75.94
282800000,-74.66,-64.53,-63,-63.03,-62.87,-66.53,-68.17,-75.68
282933333,-74.53,-64.47,-62.88,-62.9,-62.61,-66.52,-67.85,-75.6
283066667,-74.62,-64.37,-62.8,-62.87,-62.66,-66.58,-67.86,-75.87
283200000,-74.87,-64.36,-62.8,-62.83,-62.64,-66.45,-67.81,-76.05
283333333,-74.22,-64.39,-62.57,-62.76,-62.48,-66.36,-67.81,-75.93
283466667,-73.99,-64.18,-62.54,-62.64,-62.37,-66.28,-67.61,-75.75
283600000,-74.17,-64.06,-62.49,-62.47,-62.35,-66.04,-67.58,-75.54
283733333,-74.55,-64.15,-62.44,-62.5,-62.36,-66.25,-67.59,-75.93
283866667,-74.62,-63.86,-62.47,-62.39,-62.27,-66.21,-67.54,-75.68
284000000,-75.02,-63.99,-62.26,-62.45,-62.12,-66.06,-67.55,-75.52
284133333,-74.32,-63.79,-62.19,-62.19,-61.94,-65.99,-67.34,-75.53
284266667,-74.28,-63.7,-61.95,-62.17,-61.92,-65.84,-67.38,-75.33
284400000,-74.2,-63.62,-61.94,-62.17,-61.88,-65.84,-67.45,-75.49
284533333,-74.58,-63.55,-61.88,-62.18,-61.93,-65.71,-67.37,-75.66
284666667,-74.78,-63.41,-61.96,-61.93,-61.75,-65.77,-67.15,-75.71
284800000,-74.07,-63.43,-61.94,-62,-61.67,-65.53,-67.26,-75.48
284933333,-74.04,-63.34,-61.71,-61.89,-61.57,-65.55,-67.04,-75.31
285066667,-74.51,-63.31,-61.72,-61.84,-61.49,-65.64,-67.04,-75.77
285200000,-74.68,-63.2,-61.6,-61.76,-61.45,-65.43,-67.14,-75.2
285333333,-74.16,-63.19,-61.48,-61.63,-61.23,-65.22,-67.04,-75.79
285466667,-74.22,-63.15,-61.37,-61.53,-61.15,-65.12,-66.64,-75.93
285600000,-74.47,-62.96,-61.31,-61.38,-61.11,-65.16,-66.62,-76
285733333,-73.84,-62.95,-61.28,-61.45,-61.02,-65.23,-66.88,-76.3
285866667,-74.27,-62.76,-61.23,-61.32,-61,-65.02,-66.55,-75.75
286000000,-74.67,-62.78,-61.11,-61.32,-60.93,-64.92,-66.87,-75.44
286133333,-74.11,-62.78,-60.93,-61.22,-60.77,-64.91,-66.47,-75.63
286266667,-74.09,-62.52,-60.91,-61.08,-60.69,-64.81,-66.53,-75.78
286400000,-74.42,-62.42,-60.78,-60.97,-60.71,-64.78,-66.47,-75.93
286533333,-74.59,-62.42,-60.69,-60.95,-60.55,-64.8,-66.32,-75.8
286666667,-74.14,-62.29,-60.61,-60.82,-60.35,-64.53,-66.32,-75.94
286800000,-74.47,-62.27,-60.54,-60.76,-60.4,-64.59,-66.09,-75.12
286933333,-74.15,-62.12,-60.48,-60.68,-60.23,-64.37,-66.24,-76.52
287066667,-74.2,-62.02,-60.39,-60.61,-60.14,-64.48,-66.05,-75.33
287200000,-74.44,-61.99,-60.27,-60.5,-60.09,-64.25,-65.87,-76.07
287333333,-74.42,-61.91,-60.21,-60.44,-59.92,-64.22,-65.85,-75.8
287466667,-74.4,-61.82,-60.17,-60.35,-60.03,-64.12,-66.01,-76.03
287600000,-74.13,-61.79,-60.04,-60.26,-59.9,-64.05,-65.71,-75.96
287733333,-74.59,-61.68,-60,-60.11,-59.69,-64.06,-65.92,-75.59
287866667,-74.56,-61.35,-59.79,-60.07,-59.54,-63.87,-65.49,-75.55
288000000,-74.08,-61.4,-59.73,-59.89,-59.53,-63.83,-65.57,-76.17
288133333,-74.27,-61.38,-59.62,-59.88,-59.4,-63.68,-65.61,-75.57
288266667,-74.47,-61.28,-59.49,-59.81,-59.3,-63.63,-65.37,-76.02
288400000,-74.66,-61.18,-59.48,-59.65,-59.18,-63.68,-65.39,-76.63
288533333,-74.41,-61.04,-59.34,-59.61,-59.11,-63.57,-65.3,-76.18
288666667,-74.38,-61.04,-59.32,-59.63,-59.01,-63.44,-65.26,-76.08
288800000,-74.12,-60.88,-59.2,-59.44,-58.96,-63.36,-65.32,-76.35
288933333,-74.51,-60.83,-59.06,-59.48,-58.89,-63.12,-65.14,-75.86
289066667,-74.05,-60.74,-58.99,-59.24,-58.73,-63.3,-64.91,-75.96
289200000,-74.33,-60.63,-58.86,-59.15,-58.6,-63.02,-64.99,-76.34
289333333,-74.18,-60.43,-58.72,-59.02,-58.45,-63,-64.7,-76.35
289466667,-74.07,-60.4,-58.69,-58.94,-58.42,-62.84,-64.76,-76
289600000,-74.78,-60.23,-58.64,-58.95,-58.31,-62.84,-64.65,-75.92
289733333,-74.5,-60.14,-58.52,-58.8,-58.27,-62.75,-64.55,-76.61
289866667,-74.63,-60.16,-58.39,-58.75,-58.16,-62.61,-64.48,-76.07
290000000,-74.27,-60.14,-58.24,-58.58,-58.01,-62.61,-64.41,-76.45
290133333,-74.42,-59.89,-58.19,-58.57,-57.94,-62.5,-64.28,-76.71
290266667,-74.26,-59.79,-58.11,-58.43,-57.81,-62.36,-64.26,-75.9
290400000,-74.58,-59.75,-57.93,-58.31,-57.7,-62.38,-64.06,-76.86
290533333,-74.6,-59.56,-57.86,-58.22,-57.58,-62.1,-64.06,-76.4
290666667,-74.13,-59.47,-57.76,-58.15,-57.53,-62.01,-63.94,-76.28
290800000,-74.33,-59.39,-57.62,-58,-57.39,-61.94,-63.92,-76.58
290933333,-73.99,-59.27,-57.57,-57.9,-57.31,-61.84,-63.79,-76.98
291066667,-74.23,-59.08,-57.53,-57.89,-57.23,-61.9,-63.74,-76.39
291200000,-74.21,-59.08,-57.41,-57.82,-57.11,-61.71,-63.51,-76.61
291333333,-74.13,-58.95,-57.32,-57.71,-57.04,-61.59,-63.51,-76.65
291466667,-74.32,-58.87,-57.23,-57.55,-56.91,-61.49,-63.36,-76.63
291600000,-74.08,-58.79,-57.06,-57.55,-56.79,-61.37,-63.35,-76.22
291733333,-74.35,-58.69,-56.99,-57.42,-56.72,-61.21,-63.17,-76.78
291866667,-74.45,-58.61,-56.87,-57.26,-56.56,-61.29,-63.11,-77.08
292000000,-74.68,-58.5,-56.81,-57.27,-56.56,-61.14,-63.11,-77.11
292133333,-74.51,-58.33,-56.71,-57.11,-56.41,-61.01,-62.96,-76.35
292266667,-74.3,-58.25,-56.65,-57.01,-56.34,-60.84,-62.84,-76.72
292400000,-74.39,-58.21,-56.56,-56.97,-56.27,-60.81,-62.85,-77.46
292533333,-74.19,-58.12,-56.51,-56.95,-56.11,-60.81,-62.65,-77.49
292666667,-74.51,-57.92,-56.38,-56.83,-56.08,-60.69,-62.46,-76.73
292800000,-74.25,-57.84,-56.26,-56.69,-55.96,-60.51,-62.41,-77.12
292933333,-74.14,-57.71,-56.09,-56.58,-55.81,-60.35,-62.32,-77.17
293066667,-73.87,-57.58,-56,-56.5,-55.66,-60.21,-62.23,-77.44
293200000,-74.39,-57.51,-56.01,-56.47,-55.59,-60.22,-62.23,-77.17
293333333,-74.08,-57.42,-55.9,-56.34,-55.53,-60.09,-62.03,-77.21
293466667,-73.82,-57.26,-55.8,-56.26,-55.44,-59.92,-61.81,-76.84
293600000,-74.06,-57.2,-55.75,-56.24,-55.39,-59.91,-61.9,-76.76
293733333,-74.48,-57.12,-55.64,-56.12,-55.31,-59.81,-61.75,-77.37
293866667,-73.9,-56.97,-55.55,-56.05,-55.2,-59.6,-61.6,-77.23
294000000,-74.17,-56.86,-55.54,-55.95,-55.07,-59.56,-61.6,-77.48
294133333,-74.02,-56.74,-55.34,-55.79,-54.95,-59.4,-61.4,-77.62
294266667,-74.06,-56.63,-55.25,-55.67,-54.84,-59.28,-61.39,-77.31
294400000,-73.41,-56.55,-55.15,-55.71,-54.83,-59.12,-61.15,-76.83
294533333,-73.78,-56.4,-55.02,-55.57,-54.68,-59.06,-61.06,-77.16
294666667,-73.83,-56.32,-55.04,-55.51,-54.62,-59.01,-60.97,-76.54
294800000,-73.51,-56.18,-54.89,-55.47,-54.51,-58.81,-60.97,-76.97
294933333,-73.96,-56.09,-54.83,-55.36,-54.42,-58.76,-60.86,-76.83
295066667,-73.37,-56.02,-54.79,-55.24,-54.39,-58.67,-60.77,-77
295200000,-73.45,-55.9,-54.69,-55.23,-54.31,-58.48,-60.61,-76.53
295333333,-73.35,-55.73,-54.56,-55.09,-54.17,-58.36,-60.58,-76.49
295466667,-73.24,-55.65,-54.42,-54.98,-54.03,-58.21,-60.34,-76.63
295600000,-73.57,-55.51,-54.35,-54.88,-53.95,-58.16,-60.12,-76.44
295733333,-73.2,-55.4,-54.33,-54.84,-53.94,-57.99,-60.14,-77.25
295866667,-73.03,-55.33,-54.19,-54.77,-53.83,-57.86,-59.97,-77
296000000,-72.93,-55.2,-54.16,-54.71,-53.74,-57.84,-59.96,-76.45
296133333,-73.03,-55.12,-54.03,-54.61,-53.72,-57.66,-59.79,-75.98
296266667,-72.94,-54.98,-54.03,-54.54,-53.61,-57.57,-59.7,-76.59
296400000,-72.7,-54.88,-53.9,-54.49,-53.51,-57.39,-59.54,-76.54
296533333,-72.21,-54.74,-53.84,-54.34,-53.42,-57.36,-59.51,-76.7
296666667,-72.66,-54.57,-53.76,-54.23,-53.28,-57.18,-59.28,-76.31
296800000,-72.25,-54.47,-53.61,-54.13,-53.22,-57.06,-59.15,-75.96
296933333,-72.21,-54.44,-53.59,-54.1,-53.16,-56.97,-59.05,-75.57
297066667,-71.94,-54.29,-53.49,-54.02,-53.09,-56.8,-58.97,-75.15
297200000,-71.71,-54.18,-53.38,-53.93,-52.97,-56.75,-58.83,-74.86
297333333,-71.46,-54.07,-53.35,-53.89,-52.92,-56.58,-58.64,-75.3
297466667,-71.46,-53.96,-53.28,-53.8,-52.83,-56.51,-58.65,-74.75
297600000,-71.34,-53.88,-53.23,-53.74,-52.78,-56.41,-58.51,-74.45
297733333,-70.82,-53.74,-53.1,-53.6,-52.69,-56.23,-58.34,-74.75
297866667,-70.97,-53.64,-53.02,-53.56,-52.58,-56.05,-58.18,-74.55
298000000,-70.93,-53.49,-52.91,-53.41,-52.52,-55.92,-58.06,-74.11
298133333,-70.65,-53.43,-52.87,-53.35,-52.44,-55.85,-57.96,-74.27
298266667,-70.36,-53.32,-52.8,-53.35,-52.35,-55.67,-57.83,-74.15
298400000,-70.38,-53.19,-52.72,-53.18,-52.3,-55.57,-57.66,-73.45
298533333,-69.97,-53.12,-52.66,-53.13,-52.26,-55.48,-57.52,-73.07
298666667,-69.81,-52.99,-52.58,-53.11,-52.22,-55.36,-57.49,-73.2
298800000,-69.69,-52.94,-52.54,-53.02,-52.13,-55.23,-57.38,-72.94
298933333,-69.7,-52.81,-52.44,-52.95,-52.06,-55.11,-57.23,-72.63
299066667,-69.23,-52.7,-52.34,-52.86,-51.94,-54.97,-57.08,-72.14
299200000,-68.97,-52.53,-52.23,-52.72,-51.84,-54.8,-56.96,-72.06
299333333,-68.81,-52.44,-52.18,-52.64,-51.78,-54.7,-56.83,-71.76
299466667,-68.67,-52.39,-52.15,-52.6,-51.75,-54.64,-56.71,-72.09
299600000,-68.49,-52.27,-52.07,-52.51,-51.67,-54.45,-56.5,-71.54
299733333,-68.06,-52.17,-51.99,-52.44,-51.59,-54.32,-56.33,-70.96
299866667,-68.1,-52.12,-51.93,-52.37,-51.55,-54.26,-56.32,-71.18
300000000,-67.98,-52.06,-51.87,-52.34,-51.52,-54.13,-56.25,-71.43
300133333,-67.52,-51.91,-51.77,-52.21,-51.42,-53.98,-56.03,-70.63
300266667,-67.3,-51.81,-51.69,-52.09,-51.3,-53.85,-55.86,-70.28
300400000,-67.18,-51.71,-51.6,-52.01,-51.25,-53.74,-55.77,-70.02
300533333,-67.2,-51.59,-51.51,-51.92,-51.16,-53.58,-55.64,-69.98
300666667,-66.73,-51.56,-51.47,-51.85,-51.07,-53.48,-55.47,-69.63
300800000,-66.51,-51.41,-51.4,-51.79,-51,-53.41,-55.39,-69.64
300933333,-66.26,-51.35,-51.3,-51.69,-50.95,-53.28,-55.27,-69.24
301066667,-66.11,-51.24,-51.24,-51.66,-50.91,-53.18,-55.14,-69.03
301200000,-65.8,-51.22,-51.17,-51.59,-50.86,-53.07,-55.04,-69
301333333,-65.66,-51.09,-51.12,-51.48,-50.76,-52.93,-54.9,-68.74
301466667,-65.36,-50.99,-51.02,-51.38,-50.67,-52.82,-54.74,-68.45
301600000,-65.33,-50.9,-50.94,-51.28,-50.59,-52.67,-54.63,-68.11
301733333,-64.83,-50.78,-50.79,-51.17,-50.48,-52.55,-54.45,-67.66
301866667,-64.71,-50.71,-50.71,-51.08,-50.39,-52.44,-54.33,-67.65
302000000,-64.51,-50.64,-50.67,-51.03,-50.39,-52.39,-54.22,-67.29
302133333,-64.26,-50.54,-50.62,-50.94,-50.3,-52.24,-54.05,-67.31
302266667,-64.09,-50.48,-50.52,-50.87,-50.24,-52.13,-53.98,-66.73
302400000,-63.72,-50.41,-50.46,-50.78,-50.18,-52.05,-53.85,-66.72
302533333,-63.56,-50.33,-50.43,-50.68,-50.07,-51.95,-53.76,-66.37
302666667,-63.24,-50.25,-50.29,-50.61,-50,-51.82,-53.61,-66.43
302800000,-62.9,-50.14,-50.21,-50.48,-49.93,-51.71,-53.48,-65.87
302933333,-62.81,-50.04,-50.12,-50.4,-49.84,-51.58,-53.32,-65.52
303066667,-62.5,-49.92,-50.03,-50.31,-49.75,-51.47,-53.2,-65.18
303200000,-62.31,-49.9,-49.97,-50.28,-49.69,-51.4,-53.12,-64.94
303333333,-62,-49.82,-49.9,-50.18,-49.64,-51.28,-52.96,-64.98
303466667,-61.8,-49.73,-49.88,-50.12,-49.57,-51.19,-52.9,-64.6
303600000,-61.49,-49.68,-49.8,-50.02,-49.51,-51.1,-52.81,-64.34
303733333,-61.21,-49.62,-49.73,-49.99,-49.46,-51.04,-52.69,-64.09
303866667,-61.03,-49.53,-49.64,-49.91,-49.38,-50.93,-52.54,-63.94
304000000,-60.74,-49.45,-49.55,-49.83,-49.3,-50.86,-52.45,-63.62
304133333,-60.58,-49.38,-49.45,-49.73,-49.21,-50.73,-52.33,-63.27
304266667,-60.32,-49.28,-49.39,-49.6,-49.13,-50.61,-52.17,-62.97
304400000,-60.09,-49.28,-49.36,-49.59,-49.12,-50.56,-52.11,-62.9
304533333,-59.8,-49.17,-49.29,-49.5,-49.06,-50.47,-52.04,-62.53
304666667,-59.51,-49.09,-49.2,-49.44,-48.95,-50.41,-51.89,-62.34
304800000,-59.35,-49.02,-49.15,-49.39,-48.93,-50.3,-51.82,-62.05
304933333,-59.15,-48.99,-49.1,-49.32,-48.85,-50.24,-51.75,-61.81
305066667,-58.85,-48.94,-49.05,-49.25,-48.82,-50.18,-51.63,-61.59
305200000,-58.51,-48.87,-48.96,-49.19,-48.76,-50.1,-51.52,-61.31
305333333,-58.33,-48.8,-48.92,-49.12,-48.71,-50.01,-51.44,-60.96
305466667,-58.09,-48.72,-48.83,-49.04,-48.6,-49.91,-51.32,-60.74
305600000,-57.93,-48.65,-48.8,-48.96,-48.54,-49.82,-51.22,-60.38
305733333,-57.65,-48.64,-48.74,-48.96,-48.52,-49.77,-51.17,-60.29
305866667,-57.46,-48.59,-48.71,-48.9,-48.48,-49.72,-51.11,-59.96
306000000,-57.26,-48.56,-48.63,-48.84,-48.43,-49.68,-51.02,-59.81
306133333,-57,-48.52,-48.63,-48.8,-48.43,-49.66,-50.99,-59.57
306266667,-56.78,-48.49,-48.59,-48.77,-48.39,-49.61,-50.9,-59.3
306400000,-56.6,-48.43,-48.54,-48.7,-48.35,-49.55,-50.88,-59.13
306533333,-56.35,-48.38,-48.49,-48.64,-48.25,-49.43,-50.73,-58.81
306666667,-56.08,-48.31,-48.43,-48.58,-48.25,-49.38,-50.66,-58.56
306800000,-55.95,-48.29,-48.4,-48.55,-48.21,-49.35,-50.61,-58.31
306933333,-55.77,-48.28,-48.35,-48.52,-48.18,-49.31,-50.55,-58.16
307066667,-55.56,-48.24,-48.35,-48.51,-48.14,-49.26,-50.5,-57.87
307200000,-55.33,-48.22,-48.31,-48.48,-48.12,-49.25,-50.44,-57.73
307333333,-55.18,-48.21,-48.3,-48.45,-48.12,-49.19,-50.42,-57.58
307466667,-54.98,-48.21,-48.3,-48.44,-48.08,-49.18,-50.41,-57.3
307600000,-54.8,-48.17,-48.24,-48.41,-48.06,-49.17,-50.32,-57.09
307733333,-54.63,-48.16,-48.21,-48.34,-48.05,-49.11,-50.27,-56.89
307866667,-54.44,-48.11,-48.17,-48.3,-48.01,-49.08,-50.23,-56.62
308000000,-54.2,-48.07,-48.13,-48.28,-47.98,-49.03,-50.17,-56.42
308133333,-54.08,-48.07,-48.15,-48.28,-47.99,-49.04,-50.14,-56.3
308266667,-53.93,-48.08,-48.13,-48.25,-47.98,-49.01,-50.13,-56.13
308400000,-53.81,-48.05,-48.13,-48.26,-47.97,-48.99,-50.11,-55.88
308533333,-53.58,-48.08,-48.13,-48.26,-48,-48.99,-50.06,-55.68
308666667,-53.48,-48.07,-48.13,-48.24,-47.99,-49.01,-50.05,-55.55
308800000,-53.39,-48.09,-48.15,-48.24,-47.98,-48.98,-50.04,-55.41
308933333,-53.21,-48.09,-48.1,-48.24,-47.99,-48.97,-49.99,-55.2
309066667,-53.04,-48.07,-48.11,-48.22,-47.97,-48.93,-49.98,-55.03
309200000,-52.91,-48.03,-48.08,-48.19,-47.93,-48.91,-49.92,-54.78
309333333,-52.76,-48.04,-48.06,-48.18,-47.93,-48.88,-49.89,-54.6
309466667,-52.72,-48.05,-48.09,-48.19,-47.99,-48.91,-49.93,-54.51
309600000,-52.54,-48.07,-48.11,-48.22,-47.96,-48.91,-49.92,-54.37
309733333,-52.42,-48.08,-48.11,-48.21,-47.97,-48.93,-49.9,-54.24
309866667,-52.32,-48.08,-48.15,-48.24,-48.02,-48.95,-49.9,-54.13
310000000,-52.21,-48.14,-48.17,-48.26,-48.04,-48.95,-49.91,-53.98
310133333,-52.14,-48.13,-48.16,-48.27,-48.03,-48.96,-49.9,-53.78
310266667,-51.99,-48.13,-48.15,-48.25,-48.05,-48.97,-49.88,-53.71
310400000,-51.87,-48.14,-48.11,-48.24,-48.01,-48.95,-49.91,-53.5
310533333,-51.74,-48.14,-48.13,-48.22,-48.02,-48.91,-49.84,-53.35
310666667,-51.71,-48.19,-48.2,-48.29,-48.07,-48.97,-49.89,-53.26
310800000,-51.58,-48.2,-48.22,-48.3,-48.11,-48.98,-49.91,-53.13
310933333,-51.51,-48.19,-48.21,-48.3,-48.1,-48.99,-49.9,-53.05
311066667,-51.43,-48.25,-48.25,-48.35,-48.13,-49.02,-49.91,-52.92
311200000,-51.39,-48.28,-48.29,-48.37,-48.17,-49.05,-49.93,-52.82
311333333,-51.28,-48.3,-48.31,-48.38,-48.2,-49.07,-49.93,-52.67
311466667,-51.19,-48.32,-48.32,-48.4,-48.23,-49.06,-49.92,-52.57
311600000,-51.09,-48.32,-48.31,-48.4,-48.2,-49.07,-49.94,-52.42
311733333,-51,-48.34,-48.31,-48.41,-48.23,-49.07,-49.91,-52.31
311866667,-50.92,-48.33,-48.34,-48.42,-48.22,-49.05,-49.9,-52.16
312000000,-50.88,-48.39,-48.38,-48.46,-48.3,-49.12,-49.94,-52.14
312133333,-50.81,-48.46,-48.4,-48.46,-48.32,-49.12,-49.99,-52.02
312266667,-50.78,-48.45,-48.44,-48.51,-48.34,-49.19,-50,-51.93
312400000,-50.72,-48.51,-48.48,-48.54,-48.37,-49.21,-50.01,-51.82
312533333,-50.66,-48.55,-48.53,-48.56,-48.44,-49.24,-50.04,-51.75
312666667,-50.6,-48.55,-48.52,-48.6,-48.44,-49.26,-50.04,-51.65
312800000,-50.49,-48.55,-48.56,-48.6,-48.43,-49.24,-50,-51.55
312933333,-50.44,-48.56,-48.54,-48.58,-48.45,-49.24,-50.02,-51.44
313066667,-50.36,-48.59,-48.58,-48.6,-48.5,-49.27,-50.05,-51.32
313200000,-50.34,-48.64,-48.58,-48.62,-48.52,-49.28,-50.05,-51.26
313333333,-50.26,-48.67,-48.63,-48.69,-48.55,-49.35,-50.1,-51.16
313466667,-50.26,-48.7,-48.68,-48.69,-48.61,-49.37,-50.11,-51.14
313600000,-50.22,-48.73,-48.71,-48.75,-48.62,-49.39,-50.1,-51.05
313733333,-50.18,-48.77,-48.74,-48.78,-48.63,-49.4,-50.15,-50.98
313866667,-50.12,-48.78,-48.76,-48.79,-48.69,-49.45,-50.16,-50.88
314000000,-50.07,-48.78,-48.74,-48.82,-48.69,-49.45,-50.17,-50.84
314133333,-50.01,-48.8,-48.75,-48.81,-48.67,-49.46,-50.16,-50.71
314266667,-49.93,-48.78,-48.77,-48.8,-48.71,-49.44,-50.13,-50.62
314400000,-49.92,-48.86,-48.8,-48.85,-48.72,-49.48,-50.19,-50.57
314533333,-49.91,-48.88,-48.86,-48.88,-48.78,-49.5,-50.16,-50.52
314666667,-49.88,-48.92,-48.88,-48.88,-48.79,-49.54,-50.21,-50.44
314800000,-49.84,-48.95,-48.91,-48.94,-48.83,-49.56,-50.24,-50.41
314933333,-49.8,-48.99,-48.96,-48.97,-48.87,-49.61,-50.27,-50.34
315066667,-49.8,-49.03,-48.98,-48.98,-48.9,-49.61,-50.29,-50.28
315200000,-49.73,-49.04,-48.98,-49,-48.89,-49.63,-50.29,-50.25
315333333,-49.73,-49.05,-48.99,-49.05,-48.92,-49.66,-50.29,-50.15
315466667,-49.65,-49.03,-48.98,-49,-48.92,-49.65,-50.26,-50.08
315600000,-49.59,-49.04,-48.99,-49.02,-48.93,-49.65,-50.28,-50.04
315733333,-49.62,-49.12,-49.05,-49.08,-49.01,-49.7,-50.31,-50.01
315866667,-49.62,-49.15,-49.08,-49.11,-49.04,-49.75,-50.34,-49.97
316000000,-49.61,-49.17,-49.14,-49.13,-49.05,-49.73,-50.36,-49.96
316133333,-49.61,-49.18,-49.17,-49.15,-49.08,-49.78,-50.37,-49.93
316266667,-49.61,-49.22,-49.18,-49.19,-49.11,-49.81,-50.39,-49.9
316400000,-49.57,-49.24,-49.19,-49.19,-49.15,-49.8,-50.41,-49.83
316533333,-49.53,-49.29,-49.22,-49.2,-49.14,-49.82,-50.4,-49.83
316666667,-49.54,-49.26,-49.21,-49.21,-49.15,-49.82,-50.42,-49.74
316800000,-49.47,-49.29,-49.2,-49.22,-49.17,-49.79,-50.43,-49.71
316933333,-49.51,-49.31,-49.28,-49.26,-49.2,-49.88,-50.45,-49.68
317066667,-49.52,-49.37,-49.3,-49.3,-49.23,-49.94,-50.46,-49.66
317200000,-49.51,-49.37,-49.33,-49.32,-49.25,-49.93,-50.46,-49.65
317333333,-49.47,-49.42,-49.36,-49.37,-49.29,-49.96,-50.5,-49.64
317466667,-49.49,-49.47,-49.43,-49.38,-49.33,-49.99,-50.5,-49.63
317600000,-49.49,-49.48,-49.42,-49.41,-49.35,-50.01,-50.55,-49.62
317733333,-49.49,-49.47,-49.41,-49.42,-49.36,-50,-50.58,-49.57
317866667,-49.46,-49.52,-49.43,-49.43,-49.39,-50.02,-50.53,-49.56
318000000,-49.42,-49.47,-49.42,-49.43,-49.35,-50.03,-50.53,-49.5
318133333,-49.46,-49.54,-49.49,-49.46,-49.41,-50.04,-50.58,-49.54
318266667,-49.48,-49.58,-49.5,-49.51,-49.42,-50.11,-50.6,-49.53
318400000,-49.48,-49.6,-49.54,-49.51,-49.48,-50.11,-50.6,-49.54
318533333,-49.5,-49.62,-49.53,-49.53,-49.48,-50.15,-50.64,-49.49
318666667,-49.52,-49.66,-49.6,-49.58,-49.51,-50.16,-50.68,-49.51
318800000,-49.54,-49.69,-49.62,-49.61,-49.55,-50.21,-50.71,-49.53
318933333,-49.54,-49.74,-49.62,-49.63,-49.58,-50.21,-50.71,-49.53
319066667,-49.53,-49.73,-49.66,-49.66,-49.59,-50.25,-50.73,-49.52
319200000,-49.52,-49.72,-49.66,-49.63,-49.59,-50.26,-50.75,-49.47
319333333,-49.51,-49.73,-49.68,-49.65,-49.6,-50.24,-50.71,-49.48
319466667,-49.57,-49.83,-49.76,-49.72,-49.66,-50.3,-50.75,-49.51
319600000,-49.57,-49.84,-49.75,-49.77,-49.71,-50.34,-50.78,-49.54
319733333,-49.61,-49.89,-49.8,-49.77,-49.72,-50.35,-50.81,-49.56
319866667,-49.67,-49.92,-49.85,-49.81,-49.8,-50.43,-50.89,-49.57
320000000,-49.68,-49.96,-49.92,-49.85,-49.84,-50.45,-50.9,-49.61
320133333,-49.67,-49.97,-49.9,-49.86,-49.83,-50.44,-50.89,-49.61
320266667,-49.72,-50,-49.97,-49.91,-49.86,-50.51,-50.95,-49.62
320400000,-49.72,-50.02,-49.95,-49.92,-49.89,-50.52,-50.94,-49.62
320533333,-49.75,-50.04,-49.99,-49.94,-49.9,-50.51,-50.99,-49.63
320666667,-49.77,-50.08,-50.06,-49.98,-49.93,-50.58,-51,-49.69
320800000,-49.81,-50.16,-50.1,-50.02,-50.03,-50.64,-51.07,-49.73
320933333,-49.87,-50.19,-50.11,-50.11,-50.05,-50.66,-51.08,-49.74
321066667,-49.92,-50.21,-50.17,-50.12,-50.08,-50.71,-51.13,-49.79
321200000,-49.96,-50.31,-50.23,-50.19,-50.13,-50.79,-51.18,-49.83
321333333,-50,-50.32,-50.27,-50.2,-50.2,-50.81,-51.22,-49.87
321466667,-50.02,-50.36,-50.32,-50.23,-50.22,-50.81,-51.23,-49.91
321600000,-50.04,-50.39,-50.34,-50.28,-50.24,-50.85,-51.28,-49.93
321733333,-50.09,-50.42,-50.34,-50.31,-50.28,-50.87,-51.29,-49.9
321866667,-50.09,-50.41,-50.39,-50.32,-50.32,-50.94,-51.28,-49.97
322000000,-50.15,-50.49,-50.45,-50.41,-50.35,-50.97,-51.37,-50.03
322133333,-50.2,-50.56,-50.51,-50.43,-50.41,-51.05,-51.42,-50.1
322266667,-50.25,-50.61,-50.58,-50.51,-50.46,-51.1,-51.46,-50.13
322400000,-50.34,-50.68,-50.63,-50.59,-50.55,-51.12,-51.53,-50.19
322533333,-50.38,-50.75,-50.68,-50.64,-50.59,-51.18,-51.62,-50.25
322666667,-50.43,-50.76,-50.72,-50.66,-50.65,-51.25,-51.62,-50.26
322800000,-50.45,-50.8,-50.77,-50.69,-50.66,-51.23,-51.67,-50.31
322933333,-50.49,-50.84,-50.77,-50.74,-50.71,-51.29,-51.69,-50.34
323066667,-50.52,-50.83,-50.81,-50.77,-50.74,-51.33,-51.73,-50.4
323200000,-50.58,-50.94,-50.91,-50.82,-50.8,-51.4,-51.76,-50.45
323333333,-50.66,-51.01,-50.94,-50.89,-50.87,-51.44,-51.85,-50.52
323466667,-50.72,-51.03,-51.02,-51,-50.92,-51.47,-51.9,-50.57
323600000,-50.78,-51.09,-51.08,-51.04,-50.96,-51.55,-51.95,-50.64
323733333,-50.89,-51.16,-51.13,-51.05,-51.05,-51.65,-52.01,-50.7
323866667,-50.9,-51.22,-51.19,-51.15,-51.11,-51.69,-52.04,-50.76
324000000,-50.95,-51.26,-51.23,-51.15,-51.14,-51.76,-52.09,-50.8
324133333,-51.03,-51.3,-51.28,-51.22,-51.17,-51.77,-52.14,-50.86
324266667,-50.99,-51.33,-51.31,-51.23,-51.21,-51.8,-52.14,-50.9
324400000,-51.1,-51.4,-51.4,-51.3,-51.29,-51.86,-52.23,-50.96
324533333,-51.2,-51.47,-51.45,-51.4,-51.35,-51.95,-52.28,-51.03
324666667,-51.24,-51.54,-51.48,-51.43,-51.42,-52.02,-52.34,-51.08
324800000,-51.3,-51.6,-51.59,-51.55,-51.47,-52.05,-52.39,-51.17
324933333,-51.41,-51.69,-51.6,-51.59,-51.53,-52.14,-52.47,-51.25
325066667,-51.48,-51.76,-51.69,-51.69,-51.63,-52.18,-52.51,-51.35
325200000,-51.53,-51.75,-51.76,-51.72,-51.7,-52.23,-52.55,-51.38
325333333,-51.56,-51.84,-51.8,-51.77,-51.71,-52.31,-52.63,-51.39
325466667,-51.61,-51.84,-51.89,-51.82,-51.77,-52.32,-52.66,-51.49
325600000,-51.65,-51.91,-51.9,-51.88,-51.83,-52.37,-52.73,-51.52
325733333,-51.72,-52.01,-51.99,-51.95,-51.92,-52.47,-52.77,-51.61
325866667,-51.8,-52.09,-52.05,-52.01,-51.97,-52.55,-52.86,-51.73
326000000,-51.89,-52.12,-52.16,-52.09,-52.05,-52.61,-52.93,-51.8
326133333,-51.97,-52.2,-52.19,-52.16,-52.14,-52.67,-52.99,-51.89
326266667,-52.05,-52.33,-52.31,-52.25,-52.23,-52.75,-53.09,-51.97
326400000,-52.13,-52.34,-52.36,-52.33,-52.28,-52.85,-53.1,-52.01
326533333,-52.22,-52.41,-52.42,-52.36,-52.37,-52.85,-53.21,-52.09
326666667,-52.29,-52.5,-52.51,-52.45,-52.45,-52.93,-53.27,-52.18
326800000,-52.27,-52.51,-52.52,-52.47,-52.41,-52.99,-53.25,-52.2
326933333,-52.44,-52.62,-52.64,-52.59,-52.59,-53.06,-53.37,-52.29
327066667,-52.5,-52.73,-52.67,-52.64,-52.6,-53.16,-53.43,-52.43
327200000,-52.59,-52.77,-52.75,-52.7,-52.64,-53.2,-53.54,-52.43
327333333,-52.65,-52.83,-52.88,-52.77,-52.75,-53.23,-53.59,-52.53
327466667,-52.75,-52.93,-52.89,-52.86,-52.83,-53.36,-53.71,-52.63
327600000,-52.78,-52.94,-53.01,-52.92,-52.93,-53.45,-53.74,-52.69
327733333,-52.86,-53.06,-53.06,-53.04,-53.02,-53.48,-53.77,-52.82
327866667,-52.95,-53.09,-53.12,-53.06,-53.03,-53.51,-53.85,-52.84
328000000,-52.99,-53.17,-53.09,-53.09,-53.07,-53.55,-53.87,-52.86
328133333,-53.09,-53.26,-53.23,-53.16,-53.16,-53.67,-53.94,-52.98
328266667,-53.19,-53.29,-53.29,-53.29,-53.24,-53.74,-54.03,-53.1
328400000,-53.22,-53.37,-53.37,-53.32,-53.33,-53.85,-54.11,-53.13
328533333,-53.32,-53.44,-53.48,-53.43,-53.39,-53.91,-54.2,-53.24
328666667,-53.43,-53.52,-53.51,-53.5,-53.45,-53.95,-54.23,-53.35
328800000,-53.49,-53.62,-53.66,-53.58,-53.58,-54.02,-54.32,-53.42
328933333,-53.56,-53.68,-53.68,-53.63,-53.63,-54.11,-54.42,-53.44
329066667,-53.62,-53.75,-53.73,-53.71,-53.64,-54.19,-54.44,-53.52
329200000,-53.66,-53.76,-53.77,-53.74,-53.74,-54.18,-54.5,-53.62
329333333,-53.73,-53.84,-53.82,-53.79,-53.81,-54.26,-54.54,-53.68
329466667,-53.85,-53.93,-53.93,-53.88,-53.89,-54.37,-54.59,-53.74
329600000,-53.93,-54,-53.99,-53.97,-53.93,-54.43,-54.66,-53.86
329733333,-53.99,-54.11,-54.09,-54.06,-54.05,-54.49,-54.74,-53.92
329866667,-54.11,-54.19,-54.14,-54.11,-54.14,-54.6,-54.85,-54.06
330000000,-54.17,-54.26,-54.29,-54.19,-54.21,-54.64,-54.95,-54.15
330133333,-54.26,-54.28,-54.35,-54.26,-54.29,-54.71,-54.96,-54.2
330266667,-54.32,-54.35,-54.37,-54.33,-54.34,-54.78,-55.01,-54.22
330400000,-54.39,-54.42,-54.42,-54.38,-54.39,-54.8,-55.04,-54.3
330533333,-54.39,-54.47,-54.47,-54.45,-54.45,-54.87,-55.11,-54.38
330666667,-54.49,-54.62,-54.56,-54.58,-54.48,-54.99,-55.28,-54.42
330800000,-54.61,-54.68,-54.66,-54.65,-54.63,-55.02,-55.32,-54.55
330933333,-54.68,-54.75,-54.74,-54.69,-54.67,-55.09,-55.4,-54.63
331066667,-54.83,-54.8,-54.84,-54.79,-54.75,-55.19,-55.44,-54.66
331200000,-54.88,-54.97,-54.92,-54.82,-54.85,-55.3,-55.55,-54.8
331333333,-54.97,-55.01,-54.99,-54.96,-54.95,-55.38,-55.56,-54.91
331466667,-55.01,-55.02,-55.08,-55.01,-54.99,-55.43,-55.66,-54.97
331600000,-55.07,-55.08,-55.11,-55.06,-55.05,-55.5,-55.73,-54.99
331733333,-55.16,-55.12,-55.12,-55.1,-55.1,-55.55,-55.76,-55.09
331866667,-55.26,-55.19,-55.19,-55.2,-55.18,-55.57,-55.82,-55.15
332000000,-55.31,-55.32,-55.34,-55.26,-55.27,-55.69,-55.95,-55.24
332133333,-55.34,-55.43,-55.39,-55.37,-55.39,-55.75,-55.94,-55.27
332266667,-55.49,-55.51,-55.48,-55.46,-55.45,-55.87,-56.09,-55.44
332400000,-55.54,-55.58,-55.6,-55.55,-55.58,-55.95,-56.14,-55.52
332533333,-55.68,-55.68,-55.69,-55.63,-55.66,-56.03,-56.27,-55.61
332666667,-55.76,-55.75,-55.75,-55.76,-55.72,-56.13,-56.35,-55.71
332800000,-55.81,-55.8,-55.87,-55.8,-55.75,-56.2,-56.41,-55.77
332933333,-55.85,-55.88,-55.93,-55.87,-55.89,-56.25,-56.43,-55.83
333066667,-55.97,-55.92,-55.99,-55.92,-55.95,-56.3,-56.47,-55.92
333200000,-56,-56.01,-56.08,-56.02,-56.05,-56.39,-56.62,-55.98
333333333,-56.16,-56.15,-56.2,-56.07,-56.12,-56.46,-56.66,-56.1
333466667,-56.22,-56.28,-56.27,-56.17,-56.21,-56.55,-56.81,-56.24
333600000,-56.36,-56.4,-56.35,-56.34,-56.28,-56.66,-56.91,-56.33
333733333,-56.49,-56.45,-56.44,-56.41,-56.39,-56.81,-56.97,-56.41
333866667,-56.56,-56.55,-56.53,-56.47,-56.56,-56.86,-57.08,-56.52
334000000,-56.59,-56.57,-56.57,-56.58,-56.63,-56.89,-57.13,-56.54
334133333,-56.7,-56.69,-56.69,-56.7,-56.65,-56.96,-57.19,-56.64
334266667,-56.76,-56.73,-56.75,-56.78,-56.69,-57.1,-57.24,-56.72
334400000,-56.92,-56.85,-56.87,-56.85,-56.79,-57.19,-57.36,-56.82
334533333,-56.98,-56.99,-57.03,-56.94,-56.96,-57.28,-57.48,-56.92
334666667,-57.06,-57.03,-57.08,-56.99,-57.01,-57.35,-57.62,-56.99
334800000,-57.17,-57.17,-57.18,-57.13,-57.18,-57.44,-57.68,-57.13
334933333,-57.35,-57.31,-57.23,-57.28,-57.22,-57.53,-57.74,-57.17
335066667,-57.39,-57.41,-57.4,-57.34,-57.39,-57.7,-57.87,-57.3
335200000,-57.45,-57.48,-57.44,-57.41,-57.41,-57.84,-57.97,-57.49
335333333,-57.51,-57.52,-57.56,-57.52,-57.51,-57.86,-58.06,-57.4
335466667,-57.68,-57.66,-57.62,-57.57,-57.62,-57.95,-58.1,-57.56
335600000,-57.71,-57.71,-57.72,-57.69,-57.75,-58.04,-58.18,-57.66
335733333,-57.82,-57.91,-57.77,-57.84,-57.77,-58.11,-58.22,-57.77
335866667,-58,-57.93,-57.95,-57.94,-57.92,-58.2,-58.45,-57.88
336000000,-58.05,-58.05,-58.06,-58.05,-58.02,-58.44,-58.55,-57.99
336133333,-58.23,-58.24,-58.16,-58.18,-58.16,-58.39,-58.65,-58.09
336266667,-58.29,-58.29,-58.3,-58.27,-58.22,-58.58,-58.78,-58.22
336400000,-58.36,-58.38,-58.3,-58.32,-58.43,-58.68,-58.82,-58.31
336533333,-58.5,-58.46,-58.53,-58.48,-58.45,-58.67,-58.97,-58.4
336666667,-58.49,-58.54,-58.58,-58.51,-58.46,-58.84,-58.93,-58.48
336800000,-58.66,-58.68,-58.67,-58.63,-58.68,-58.94,-59.07,-58.59
336933333,-58.72,-58.78,-58.74,-58.8,-58.75,-59.04,-59.25,-58.69
337066667,-58.87,-58.98,-58.89,-58.87,-58.87,-59.16,-59.38,-58.82
337200000,-58.97,-59.02,-59.03,-58.91,-58.99,-59.32,-59.44,-58.94
337333333,-59.14,-59.13,-59.13,-59.08,-59.04,-59.31,-59.6,-59.02
337466667,-59.24,-59.28,-59.27,-59.2,-59.24,-59.59,-59.76,-59.15
337600000,-59.42,-59.3,-59.28,-59.36,-59.39,-59.69,-59.76,-59.27
337733333,-59.49,-59.46,-59.44,-59.43,-59.42,-59.74,-59.84,-59.46
337866667,-59.56,-59.49,-59.57,-59.46,-59.54,-59.87,-59.99,-59.52
338000000,-59.68,-59.66,-59.55,-59.6,-59.52,-59.92,-60.04,-59.55
338133333,-59.77,-59.9,-59.67,-59.7,-59.73,-59.99,-60.18,-59.73
338266667,-59.81,-59.89,-59.88,-59.83,-59.73,-60.1,-60.27,-59.73
338400000,-59.99,-59.97,-59.88,-59.93,-60.02,-60.24,-60.52,-59.87
338533333,-60.03,-60.17,-60.02,-60.01,-60.06,-60.35,-60.5,-59.96
338666667,-60.23,-60.22,-60.2,-60.17,-60.15,-60.43,-60.58,-60.23
338800000,-60.3,-60.3,-60.34,-60.25,-60.27,-60.63,-60.67,-60.25
338933333,-60.53,-60.45,-60.38,-60.39,-60.39,-60.69,-60.9,-60.45
339066667,-60.58,-60.54,-60.46,-60.44,-60.56,-60.72,-60.88,-60.36
339200000,-60.66,-60.67,-60.58,-60.52,-60.51,-60.87,-61.03,-60.52
339333333,-60.72,-60.73,-60.65,-60.66,-60.65,-60.9,-61.14,-60.76
339466667,-60.94,-60.89,-60.8,-60.82,-60.75,-61.07,-61.23,-60.85
339600000,-61,-60.98,-60.92,-60.92,-60.82,-61.17,-61.4,-60.92
339733333,-61.1,-61,-61,-60.95,-60.99,-61.26,-61.49,-61.06
339866667,-61.26,-61.13,-61.16,-61.12,-61.01,-61.36,-61.58,-61.15
340000000,-61.29,-61.28,-61.29,-61.17,-61.09,-61.51,-61.78,-61.31
340133333,-61.49,-61.53,-61.32,-61.26,-61.28,-61.58,-61.7,-61.32
340266667,-61.44,-61.47,-61.44,-61.33,-61.46,-61.69,-61.88,-61.45
340400000,-61.62,-61.57,-61.49,-61.41,-61.41,-61.79,-61.94,-61.49
340533333,-61.67,-61.72,-61.58,-61.56,-61.45,-61.78,-61.93,-61.51
340666667,-61.84,-61.73,-61.67,-61.57,-61.63,-61.88,-62.09,-61.71
340800000,-61.99,-61.89,-61.79,-61.7,-61.78,-62.14,-62.22,-61.81
340933333,-61.99,-62.07,-61.86,-61.77,-61.91,-62.18,-62.28,-61.96
341066667,-62.1,-62.14,-61.96,-61.89,-61.92,-62.25,-62.56,-62.05
341200000,-62.45,-62.25,-62.12,-62.08,-61.99,-62.36,-62.47,-62.08
341333333,-62.36,-62.35,-62.17,-62.01,-62.07,-62.38,-62.51,-62.29
341466667,-62.4,-62.47,-62.2,-62.15,-62.39,-62.48,-62.7,-62.17
341600000,-62.31,-62.44,-62.27,-62.28,-62.41,-62.71,-62.78,-62.35
341733333,-62.59,-62.41,-62.35,-62.41,-62.45,-62.62,-62.73,-62.4
341866667,-62.55,-62.58,-62.47,-62.35,-62.42,-62.68,-62.9,-62.52
342000000,-62.79,-62.78,-62.49,-62.45,-62.49,-62.79,-63,-62.66
342133333,-62.85,-62.73,-62.65,-62.6,-62.65,-62.87,-63.12,-62.83
342266667,-62.99,-62.84,-62.75,-62.73,-62.56,-62.98,-63.13,-62.87
342400000,-63.09,-63,-62.83,-62.74,-62.77,-63.16,-63.29,-62.9
342533333,-63.08,-62.97,-62.95,-62.68,-62.82,-63.28,-63.3,-63.04
342666667,-63.11,-63.18,-62.96,-62.96,-62.9,-63.29,-63.46,-63.2
342800000,-63.21,-63.14,-63.02,-62.94,-62.88,-63.31,-63.59,-63.18
342933333,-63.38,-63.25,-62.98,-62.94,-62.99,-63.37,-63.54,-63.17
343066667,-63.28,-63.27,-63.01,-62.97,-62.89,-63.38,-63.57,-63.35
343200000,-63.22,-63.37,-63.03,-62.98,-63.12,-63.38,-63.6,-63.49
343333333,-63.44,-63.48,-63.28,-62.97,-63.18,-63.47,-63.63,-63.32
343466667,-63.6,-63.37,-63.12,-63.03,-63.21,-63.53,-63.79,-63.6
343600000,-63.64,-63.43,-63.33,-63.18,-63.17,-63.7,-63.78,-63.61
343733333,-63.75,-63.45,-63.47,-63.27,-63.34,-63.62,-63.8,-63.5
343866667,-63.67,-63.51,-63.42,-63.16,-63.32,-63.69,-63.73,-63.75
344000000,-63.7,-63.69,-63.39,-63.2,-63.29,-63.82,-63.85,-63.65
344133333,-63.79,-63.56,-63.36,-63.36,-63.33,-63.74,-64.04,-63.76
344266667,-63.86,-63.66,-63.37,-63.12,-63.36,-63.81,-63.87,-63.73
344400000,-63.78,-63.69,-63.43,-63.33,-63.36,-63.71,-64.12,-63.7
344533333,-63.82,-63.63,-63.37,-63.25,-63.31,-63.77,-64,-63.86
344666667,-63.97,-63.59,-63.53,-63.33,-63.43,-63.87,-64.13,-63.96
344800000,-63.85,-63.63,-63.61,-63.32,-63.26,-63.79,-64.04,-63.88
344933333,-64.01,-63.74,-63.49,-63.34,-63.36,-63.84,-64.07,-63.86
345066667,-63.91,-63.68,-63.48,-63.28,-63.38,-63.86,-64.03,-63.88
345200000,-63.94,-63.65,-63.4,-63.26,-63.41,-63.85,-63.93,-63.85
345333333,-63.8,-63.66,-63.44,-63.38,-63.28,-63.88,-63.97,-63.86
345466667,-63.85,-63.56,-63.31,-63.28,-63.25,-63.67,-63.98,-63.82
345600000,-63.82,-63.56,-63.37,-63.17,-63.21,-63.71,-63.98,-63.69
345733333,-63.87,-63.58,-63.28,-63.19,-63.16,-63.69,-63.96,-63.92
345866667,-63.82,-63.46,-63.25,-62.99,-63.09,-63.73,-63.91,-63.75
346000000,-63.82,-63.53,-63.17,-63.01,-63.16,-63.68,-63.81,-63.77
346133333,-63.77,-63.42,-63.23,-62.95,-63.14,-63.53,-63.93,-63.62
346266667,-63.73,-63.54,-63.17,-62.94,-63.12,-63.58,-63.88,-63.78
346400000,-63.7,-63.35,-63.04,-62.87,-63.05,-63.51,-63.8,-63.71
346533333,-63.59,-63.11,-62.86,-62.93,-62.83,-63.43,-63.54,-63.43
346666667,-63.52,-63.12,-63.03,-62.69,-62.75,-63.43,-63.64,-63.54
346800000,-63.54,-63.09,-62.76,-62.65,-62.68,-63.17,-63.46,-63.39
346933333,-63.48,-62.9,-62.82,-62.51,-62.65,-63.27,-63.49,-63.39
347066667,-63.37,-62.89,-62.7,-62.48,-62.51,-63.17,-63.24,-63.38
347200000,-63.26,-62.84,-62.67,-62.39,-62.5,-63.03,-63.26,-63.25
347333333,-63.23,-62.88,-62.54,-62.39,-62.45,-62.99,-63.24,-63.17
347466667,-63.16,-62.71,-62.39,-62.29,-62.38,-62.93,-63.12,-63.07
347600000,-63.05,-62.67,-62.31,-62.16,-62.32,-62.87,-62.91,-63.01
347733333,-62.82,-62.45,-62.25,-62.12,-62,-62.6,-62.87,-62.96
347866667,-62.79,-62.36,-62.15,-61.95,-61.98,-62.53,-62.81,-62.72
348000000,-62.7,-62.28,-62,-61.76,-61.93,-62.5,-62.65,-62.88
348133333,-62.65,-62.14,-61.83,-61.69,-61.78,-62.45,-62.52,-62.63
348266667,-62.44,-62.04,-61.79,-61.64,-61.68,-62.32,-62.66,-62.63
348400000,-62.36,-61.95,-61.66,-61.4,-61.57,-62.18,-62.26,-62.41
348533333,-62.34,-61.78,-61.54,-61.3,-61.37,-62.12,-62.21,-62.32
348666667,-62.24,-61.75,-61.49,-61.29,-61.3,-61.91,-62.07,-62.25
348800000,-62.2,-61.61,-61.22,-61.12,-61.2,-61.84,-62.06,-62.15
348933333,-61.97,-61.44,-61.25,-60.98,-61.07,-61.73,-61.91,-62.17
349066667,-61.94,-61.35,-60.98,-60.79,-60.9,-61.67,-61.8,-61.86
349200000,-61.8,-61.22,-60.88,-60.7,-60.77,-61.48,-61.58,-61.8
349333333,-61.6,-61.13,-60.77,-60.55,-60.68,-61.37,-61.52,-61.66
349466667,-61.47,-61.01,-60.6,-60.53,-60.52,-61.18,-61.44,-61.62
349600000,-61.31,-60.88,-60.54,-60.4,-60.52,-61.2,-61.3,-61.5
349733333,-61.24,-60.75,-60.43,-60.23,-60.29,-60.87,-61.17,-61.4
349866667,-61.19,-60.64,-60.26,-60.06,-60.16,-60.87,-61.07,-61.3
350000000,-61.17,-60.38,-60.14,-60.02,-60.09,-60.81,-61.08,-61.13
