,feature_name,range,frequency_mhz
0,150-250__150.000000MHz,150-250,150.0
1,150-250__150.133333MHz,150-250,150.133333
2,150-250__150.266667MHz,150-250,150.266667
3,150-250__150.400000MHz,150-250,150.4
4,150-250__150.533333MHz,150-250,150.533333
5,150-250__150.666667MHz,150-250,150.666667
6,150-250__150.800000MHz,150-250,150.8
7,150-250__150.933333MHz,150-250,150.933333
8,150-250__151.066667MHz,150-250,151.066667
9,150-250__151.200000MHz,150-250,151.2
10,150-250__151.333333MHz,150-250,151.333333
11,150-250__151.466667MHz,150-250,151.466667
12,150-250__151.600000MHz,150-250,151.6
13,150-250__151.733333MHz,150-250,151.733333
14,150-250__151.866667MHz,150-250,151.866667
15,150-250__152.000000MHz,150-250,152.0
16,150-250__152.133333MHz,150-250,152.133333
17,150-250__152.266667MHz,150-250,152.266667
18,150-250__152.400000MHz,150-250,152.4
19,150-250__152.533333MHz,150-250,152.533333
20,150-250__152.666667MHz,150-250,152.666667
21,150-250__152.800000MHz,150-250,152.8
22,150-250__152.933333MHz,150-250,152.933333
23,150-250__153.066667MHz,150-250,153.066667
24,150-250__153.200000MHz,150-250,153.2
25,150-250__153.333333MHz,150-250,153.333333
26,150-250__153.466667MHz,150-250,153.466667
27,150-250__153.600000MHz,150-250,153.6
28,150-250__153.733333MHz,150-250,153.733333
29,150-250__153.866667MHz,150-250,153.866667
30,150-250__154.000000MHz,150-250,154.0
31,150-250__154.133333MHz,150-250,154.133333
32,150-250__154.266667MHz,150-250,154.266667
33,150-250__154.400000MHz,150-250,154.4
34,150-250__154.533333MHz,150-250,154.533333
35,150-250__154.666667MHz,150-250,154.666667
36,150-250__154.800000MHz,150-250,154.8
37,150-250__154.933333MHz,150-250,154.933333
38,150-250__155.066667MHz,150-250,155.066667
39,150-250__155.200000MHz,150-250,155.2
40,150-250__155.333333MHz,150-250,155.333333
41,150-250__155.466667MHz,150-250,155.466667
42,150-250__155.600000MHz,150-250,155.6
43,150-250__155.733333MHz,150-250,155.733333
44,150-250__155.866667MHz,150-250,155.866667
45,150-250__156.000000MHz,150-250,156.0
46,150-250__156.133333MHz,150-250,156.133333
47,150-250__156.266667MHz,150-250,156.266667
48,150-250__156.400000MHz,150-250,156.4
49,150-250__156.533333MHz,150-250,156.533333
50,150-250__156.666667MHz,150-250,156.666667
51,150-250__156.800000MHz,150-250,156.8
52,150-250__156.933333MHz,150-250,156.933333
53,150-250__157.066667MHz,150-250,157.066667
54,150-250__157.200000MHz,150-250,157.2
55,150-250__157.333333MHz,150-250,157.333333
56,150-250__157.466667MHz,150-250,157.466667
57,150-250__157.600000MHz,150-250,157.6
58,150-250__157.733333MHz,150-250,157.733333
59,150-250__157.866667MHz,150-250,157.866667
60,150-250__158.000000MHz,150-250,158.0
61,150-250__158.133333MHz,150-250,158.133333
62,150-250__158.266667MHz,150-250,158.266667
63,150-250__158.400000MHz,150-250,158.4
64,150-250__158.533333MHz,150-250,158.533333
65,150-250__158.666667MHz,150-250,158.666667
66,150-250__158.800000MHz,150-250,158.8
67,150-250__158.933333MHz,150-250,158.933333
68,150-250__159.066667MHz,150-250,159.066667
69,150-250__159.200000MHz,150-250,159.2
70,150-250__159.333333MHz,150-250,159.333333
71,150-250__159.466667MHz,150-250,159.466667
72,150-250__159.600000MHz,150-250,159.6
73,150-250__159.733333MHz,150-250,159.733333
74,150-250__159.866667MHz,150-250,159.866667
75,150-250__160.000000MHz,150-250,160.0
76,150-250__160.133333MHz,150-250,160.133333
77,150-250__160.266667MHz,150-250,160.266667
78,150-250__160.400000MHz,150-250,160.4
79,150-250__160.533333MHz,150-250,160.533333
80,150-250__160.666667MHz,150-250,160.666667
81,150-250__160.800000MHz,150-250,160.8
82,150-250__160.933333MHz,150-250,160.933333
83,150-250__161.066667MHz,150-250,161.066667
84,150-250__161.200000MHz,150-250,161.2
85,150-250__161.333333MHz,150-250,161.333333
86,150-250__161.466667MHz,150-250,161.466667
87,150-250__161.600000MHz,150-250,161.6
88,150-250__161.733333MHz,150-250,161.733333
89,150-250__161.866667MHz,150-250,161.866667
90,150-250__162.000000MHz,150-250,162.0
91,150-250__162.133333MHz,150-250,162.133333
92,150-250__162.266667MHz,150-250,162.266667
93,150-250__162.400000MHz,150-250,162.4
94,150-250__162.533333MHz,150-250,162.533333
95,150-250__162.666667MHz,150-250,162.666667
96,150-250__162.800000MHz,150-250,162.8
97,150-250__162.933333MHz,150-250,162.933333
98,150-250__163.066667MHz,150-250,163.066667
99,150-250__163.200000MHz,150-250,163.2
100,150-250__163.333333MHz,150-250,163.333333
101,150-250__163.466667MHz,150-250,163.466667
102,150-250__163.600000MHz,150-250,163.6
103,150-250__163.733333MHz,150-250,163.733333
104,150-250__163.866667MHz,150-250,163.866667
105,150-250__164.000000MHz,150-250,164.0
106,150-250__164.133333MHz,150-250,164.133333
107,150-250__164.266667MHz,150-250,164.266667
108,150-250__164.400000MHz,150-250,164.4
109,150-250__164.533333MHz,150-250,164.533333
110,150-250__164.666667MHz,150-250,164.666667
111,150-250__164.800000MHz,150-250,164.8
112,150-250__164.933333MHz,150-250,164.933333
113,150-250__165.066667MHz,150-250,165.066667
114,150-250__165.200000MHz,150-250,165.2
115,150-250__165.333333MHz,150-250,165.333333
116,150-250__165.466667MHz,150-250,165.466667
117,150-250__165.600000MHz,150-250,165.6
118,150-250__165.733333MHz,150-250,165.733333
119,150-250__165.866667MHz,150-250,165.866667
120,150-250__166.000000MHz,150-250,166.0
121,150-250__166.133333MHz,150-250,166.133333
122,150-250__166.266667MHz,150-250,166.266667
123,150-250__166.400000MHz,150-250,166.4
124,150-250__166.533333MHz,150-250,166.533333
125,150-250__166.666667MHz,150-250,166.666667
126,150-250__166.800000MHz,150-250,166.8
127,150-250__166.933333MHz,150-250,166.933333
128,150-250__167.066667MHz,150-250,167.066667
129,150-250__167.200000MHz,150-250,167.2
130,150-250__167.333333MHz,150-250,167.333333
131,150-250__167.466667MHz,150-250,167.466667
132,150-250__167.600000MHz,150-250,167.6
133,150-250__167.733333MHz,150-250,167.733333
134,150-250__167.866667MHz,150-250,167.866667
135,150-250__168.000000MHz,150-250,168.0
136,150-250__168.133333MHz,150-250,168.133333
137,150-250__168.266667MHz,150-250,168.266667
138,150-250__168.400000MHz,150-250,168.4
139,150-250__168.533333MHz,150-250,168.533333
140,150-250__168.666667MHz,150-250,168.666667
141,150-250__168.800000MHz,150-250,168.8
142,150-250__168.933333MHz,150-250,168.933333
143,150-250__169.066667MHz,150-250,169.066667
144,150-250__169.200000MHz,150-250,169.2
145,150-250__169.333333MHz,150-250,169.333333
146,150-250__169.466667MHz,150-250,169.466667
147,150-250__169.600000MHz,150-250,169.6
148,150-250__169.733333MHz,150-250,169.733333
149,150-250__169.866667MHz,150-250,169.866667
150,150-250__170.000000MHz,150-250,170.0
151,150-250__170.133333MHz,150-250,170.133333
152,150-250__170.266667MHz,150-250,170.266667
153,150-250__170.400000MHz,150-250,170.4
154,150-250__170.533333MHz,150-250,170.533333
155,150-250__170.666667MHz,150-250,170.666667
156,150-250__170.800000MHz,150-250,170.8
157,150-250__170.933333MHz,150-250,170.933333
158,150-250__171.066667MHz,150-250,171.066667
159,150-250__171.200000MHz,150-250,171.2
160,150-250__171.333333MHz,150-250,171.333333
161,150-250__171.466667MHz,150-250,171.466667
162,150-250__171.600000MHz,150-250,171.6
163,150-250__171.733333MHz,150-250,171.733333
164,150-250__171.866667MHz,150-250,171.866667
165,150-250__172.000000MHz,150-250,172.0
166,150-250__172.133333MHz,150-250,172.133333
167,150-250__172.266667MHz,150-250,172.266667
168,150-250__172.400000MHz,150-250,172.4
169,150-250__172.533333MHz,150-250,172.533333
170,150-250__172.666667MHz,150-250,172.666667
171,150-250__172.800000MHz,150-250,172.8
172,150-250__172.933333MHz,150-250,172.933333
173,150-250__173.066667MHz,150-250,173.066667
174,150-250__173.200000MHz,150-250,173.2
175,150-250__173.333333MHz,150-250,173.333333
176,150-250__173.466667MHz,150-250,173.466667
177,150-250__173.600000MHz,150-250,173.6
178,150-250__173.733333MHz,150-250,173.733333
179,150-250__173.866667MHz,150-250,173.866667
180,150-250__174.000000MHz,150-250,174.0
181,150-250__174.133333MHz,150-250,174.133333
182,150-250__174.266667MHz,150-250,174.266667
183,150-250__174.400000MHz,150-250,174.4
184,150-250__174.533333MHz,150-250,174.533333
185,150-250__174.666667MHz,150-250,174.666667
186,150-250__174.800000MHz,150-250,174.8
187,150-250__174.933333MHz,150-250,174.933333
188,150-250__175.066667MHz,150-250,175.066667
189,150-250__175.200000MHz,150-250,175.2
190,150-250__175.333333MHz,150-250,175.333333
191,150-250__175.466667MHz,150-250,175.466667
192,150-250__175.600000MHz,150-250,175.6
193,150-250__175.733333MHz,150-250,175.733333
194,150-250__175.866667MHz,150-250,175.866667
195,150-250__176.000000MHz,150-250,176.0
196,150-250__176.133333MHz,150-250,176.133333
197,150-250__176.266667MHz,150-250,176.266667
198,150-250__176.400000MHz,150-250,176.4
199,150-250__176.533333MHz,150-250,176.533333
200,150-250__176.666667MHz,150-250,176.666667
201,150-250__176.800000MHz,150-250,176.8
202,150-250__176.933333MHz,150-250,176.933333
203,150-250__177.066667MHz,150-250,177.066667
204,150-250__177.200000MHz,150-250,177.2
205,150-250__177.333333MHz,150-250,177.333333
206,150-250__177.466667MHz,150-250,177.466667
207,150-250__177.600000MHz,150-250,177.6
208,150-250__177.733333MHz,150-250,177.733333
209,150-250__177.866667MHz,150-250,177.866667
210,150-250__178.000000MHz,150-250,178.0
211,150-250__178.133333MHz,150-250,178.133333
212,150-250__178.266667MHz,150-250,178.266667
213,150-250__178.400000MHz,150-250,178.4
214,150-250__178.533333MHz,150-250,178.533333
215,150-250__178.666667MHz,150-250,178.666667
216,150-250__178.800000MHz,150-250,178.8
217,150-250__178.933333MHz,150-250,178.933333
218,150-250__179.066667MHz,150-250,179.066667
219,150-250__179.200000MHz,150-250,179.2
220,150-250__179.333333MHz,150-250,179.333333
221,150-250__179.466667MHz,150-250,179.466667
222,150-250__179.600000MHz,150-250,179.6
223,150-250__179.733333MHz,150-250,179.733333
224,150-250__179.866667MHz,150-250,179.866667
225,150-250__180.000000MHz,150-250,180.0
226,150-250__180.133333MHz,150-250,180.133333
227,150-250__180.266667MHz,150-250,180.266667
228,150-250__180.400000MHz,150-250,180.4
229,150-250__180.533333MHz,150-250,180.533333
230,150-250__180.666667MHz,150-250,180.666667
231,150-250__180.800000MHz,150-250,180.8
232,150-250__180.933333MHz,150-250,180.933333
233,150-250__181.066667MHz,150-250,181.066667
234,150-250__181.200000MHz,150-250,181.2
235,150-250__181.333333MHz,150-250,181.333333
236,150-250__181.466667MHz,150-250,181.466667
237,150-250__181.600000MHz,150-250,181.6
238,150-250__181.733333MHz,150-250,181.733333
239,150-250__181.866667MHz,150-250,181.866667
240,150-250__182.000000MHz,150-250,182.0
241,150-250__182.133333MHz,150-250,182.133333
242,150-250__182.266667MHz,150-250,182.266667
243,150-250__182.400000MHz,150-250,182.4
244,150-250__182.533333MHz,150-250,182.533333
245,150-250__182.666667MHz,150-250,182.666667
246,150-250__182.800000MHz,150-250,182.8
247,150-250__182.933333MHz,150-250,182.933333
248,150-250__183.066667MHz,150-250,183.066667
249,150-250__183.200000MHz,150-250,183.2
250,150-250__183.333333MHz,150-250,183.333333
251,150-250__183.466667MHz,150-250,183.466667
252,150-250__183.600000MHz,150-250,183.6
253,150-250__183.733333MHz,150-250,183.733333
254,150-250__183.866667MHz,150-250,183.866667
255,150-250__184.000000MHz,150-250,184.0
256,150-250__184.133333MHz,150-250,184.133333
257,150-250__184.266667MHz,150-250,184.266667
258,150-250__184.400000MHz,150-250,184.4
259,150-250__184.533333MHz,150-250,184.533333
260,150-250__184.666667MHz,150-250,184.666667
261,150-250__184.800000MHz,150-250,184.8
262,150-250__184.933333MHz,150-250,184.933333
263,150-250__185.066667MHz,150-250,185.066667
264,150-250__185.200000MHz,150-250,185.2
265,150-250__185.333333MHz,150-250,185.333333
266,150-250__185.466667MHz,150-250,185.466667
267,150-250__185.600000MHz,150-250,185.6
268,150-250__185.733333MHz,150-250,185.733333
269,150-250__185.866667MHz,150-250,185.866667
270,150-250__186.000000MHz,150-250,186.0
271,150-250__186.133333MHz,150-250,186.133333
272,150-250__186.266667MHz,150-250,186.266667
273,150-250__186.400000MHz,150-250,186.4
274,150-250__186.533333MHz,150-250,186.533333
275,150-250__186.666667MHz,150-250,186.666667
276,150-250__186.800000MHz,150-250,186.8
277,150-250__186.933333MHz,150-250,186.933333
278,150-250__187.066667MHz,150-250,187.066667
279,150-250__187.200000MHz,150-250,187.2
280,150-250__187.333333MHz,150-250,187.333333
281,150-250__187.466667MHz,150-250,187.466667
282,150-250__187.600000MHz,150-250,187.6
283,150-250__187.733333MHz,150-250,187.733333
284,150-250__187.866667MHz,150-250,187.866667
285,150-250__188.000000MHz,150-250,188.0
286,150-250__188.133333MHz,150-250,188.133333
287,150-250__188.266667MHz,150-250,188.266667
288,150-250__188.400000MHz,150-250,188.4
289,150-250__188.533333MHz,150-250,188.533333
290,150-250__188.666667MHz,150-250,188.666667
291,150-250__188.800000MHz,150-250,188.8
292,150-250__188.933333MHz,150-250,188.933333
293,150-250__189.066667MHz,150-250,189.066667
294,150-250__189.200000MHz,150-250,189.2
295,150-250__189.333333MHz,150-250,189.333333
296,150-250__189.466667MHz,150-250,189.466667
297,150-250__189.600000MHz,150-250,189.6
298,150-250__189.733333MHz,150-250,189.733333
299,150-250__189.866667MHz,150-250,189.866667
300,150-250__190.000000MHz,150-250,190.0
301,150-250__190.133333MHz,150-250,190.133333
302,150-250__190.266667MHz,150-250,190.266667
303,150-250__190.400000MHz,150-250,190.4
304,150-250__190.533333MHz,150-250,190.533333
305,150-250__190.666667MHz,150-250,190.666667
306,150-250__190.800000MHz,150-250,190.8
307,150-250__190.933333MHz,150-250,190.933333
308,150-250__191.066667MHz,150-250,191.066667
309,150-250__191.200000MHz,150-250,191.2
310,150-250__191.333333MHz,150-250,191.333333
311,150-250__191.466667MHz,150-250,191.466667
312,150-250__191.600000MHz,150-250,191.6
313,150-250__191.733333MHz,150-250,191.733333
314,150-250__191.866667MHz,150-250,191.866667
315,150-250__192.000000MHz,150-250,192.0
316,150-250__192.133333MHz,150-250,192.133333
317,150-250__192.266667MHz,150-250,192.266667
318,150-250__192.400000MHz,150-250,192.4
319,150-250__192.533333MHz,150-250,192.533333
320,150-250__192.666667MHz,150-250,192.666667
321,150-250__192.800000MHz,150-250,192.8
322,150-250__192.933333MHz,150-250,192.933333
323,150-250__193.066667MHz,150-250,193.066667
324,150-250__193.200000MHz,150-250,193.2
325,150-250__193.333333MHz,150-250,193.333333
326,150-250__193.466667MHz,150-250,193.466667
327,150-250__193.600000MHz,150-250,193.6
328,150-250__193.733333MHz,150-250,193.733333
329,150-250__193.866667MHz,150-250,193.866667
330,150-250__194.000000MHz,150-250,194.0
331,150-250__194.133333MHz,150-250,194.133333
332,150-250__194.266667MHz,150-250,194.266667
333,150-250__194.400000MHz,150-250,194.4
334,150-250__194.533333MHz,150-250,194.533333
335,150-250__194.666667MHz,150-250,194.666667
336,150-250__194.800000MHz,150-250,194.8
337,150-250__194.933333MHz,150-250,194.933333
338,150-250__195.066667MHz,150-250,195.066667
339,150-250__195.200000MHz,150-250,195.2
340,150-250__195.333333MHz,150-250,195.333333
341,150-250__195.466667MHz,150-250,195.466667
342,150-250__195.600000MHz,150-250,195.6
343,150-250__195.733333MHz,150-250,195.733333
344,150-250__195.866667MHz,150-250,195.866667
345,150-250__196.000000MHz,150-250,196.0
346,150-250__196.133333MHz,150-250,196.133333
347,150-250__196.266667MHz,150-250,196.266667
348,150-250__196.400000MHz,150-250,196.4
349,150-250__196.533333MHz,150-250,196.533333
350,150-250__196.666667MHz,150-250,196.666667
351,150-250__196.800000MHz,150-250,196.8
352,150-250__196.933333MHz,150-250,196.933333
353,150-250__197.066667MHz,150-250,197.066667
354,150-250__197.200000MHz,150-250,197.2
355,150-250__197.333333MHz,150-250,197.333333
356,150-250__197.466667MHz,150-250,197.466667
357,150-250__197.600000MHz,150-250,197.6
358,150-250__197.733333MHz,150-250,197.733333
359,150-250__197.866667MHz,150-250,197.866667
360,150-250__198.000000MHz,150-250,198.0
361,150-250__198.133333MHz,150-250,198.133333
362,150-250__198.266667MHz,150-250,198.266667
363,150-250__198.400000MHz,150-250,198.4
364,150-250__198.533333MHz,150-250,198.533333
365,150-250__198.666667MHz,150-250,198.666667
366,150-250__198.800000MHz,150-250,198.8
367,150-250__198.933333MHz,150-250,198.933333
368,150-250__199.066667MHz,150-250,199.066667
369,150-250__199.200000MHz,150-250,199.2
370,150-250__199.333333MHz,150-250,199.333333
371,150-250__199.466667MHz,150-250,199.466667
372,150-250__199.600000MHz,150-250,199.6
373,150-250__199.733333MHz,150-250,199.733333
374,150-250__199.866667MHz,150-250,199.866667
375,150-250__200.000000MHz,150-250,200.0
376,150-250__200.133333MHz,150-250,200.133333
377,150-250__200.266667MHz,150-250,200.266667
378,150-250__200.400000MHz,150-250,200.4
379,150-250__200.533333MHz,150-250,200.533333
380,150-250__200.666667MHz,150-250,200.666667
381,150-250__200.800000MHz,150-250,200.8
382,150-250__200.933333MHz,150-250,200.933333
383,150-250__201.066667MHz,150-250,201.066667
384,150-250__201.200000MHz,150-250,201.2
385,150-250__201.333333MHz,150-250,201.333333
386,150-250__201.466667MHz,150-250,201.466667
387,150-250__201.600000MHz,150-250,201.6
388,150-250__201.733333MHz,150-250,201.733333
389,150-250__201.866667MHz,150-250,201.866667
390,150-250__202.000000MHz,150-250,202.0
391,150-250__202.133333MHz,150-250,202.133333
392,150-250__202.266667MHz,150-250,202.266667
393,150-250__202.400000MHz,150-250,202.4
394,150-250__202.533333MHz,150-250,202.533333
395,150-250__202.666667MHz,150-250,202.666667
396,150-250__202.800000MHz,150-250,202.8
397,150-250__202.933333MHz,150-250,202.933333
398,150-250__203.066667MHz,150-250,203.066667
399,150-250__203.200000MHz,150-250,203.2
400,150-250__203.333333MHz,150-250,203.333333
401,150-250__203.466667MHz,150-250,203.466667
402,150-250__203.600000MHz,150-250,203.6
403,150-250__203.733333MHz,150-250,203.733333
404,150-250__203.866667MHz,150-250,203.866667
405,150-250__204.000000MHz,150-250,204.0
406,150-250__204.133333MHz,150-250,204.133333
407,150-250__204.266667MHz,150-250,204.266667
408,150-250__204.400000MHz,150-250,204.4
409,150-250__204.533333MHz,150-250,204.533333
410,150-250__204.666667MHz,150-250,204.666667
411,150-250__204.800000MHz,150-250,204.8
412,150-250__204.933333MHz,150-250,204.933333
413,150-250__205.066667MHz,150-250,205.066667
414,150-250__205.200000MHz,150-250,205.2
415,150-250__205.333333MHz,150-250,205.333333
416,150-250__205.466667MHz,150-250,205.466667
417,150-250__205.600000MHz,150-250,205.6
418,150-250__205.733333MHz,150-250,205.733333
419,150-250__205.866667MHz,150-250,205.866667
420,150-250__206.000000MHz,150-250,206.0
421,150-250__206.133333MHz,150-250,206.133333
422,150-250__206.266667MHz,150-250,206.266667
423,150-250__206.400000MHz,150-250,206.4
424,150-250__206.533333MHz,150-250,206.533333
425,150-250__206.666667MHz,150-250,206.666667
426,150-250__206.800000MHz,150-250,206.8
427,150-250__206.933333MHz,150-250,206.933333
428,150-250__207.066667MHz,150-250,207.066667
429,150-250__207.200000MHz,150-250,207.2
430,150-250__207.333333MHz,150-250,207.333333
431,150-250__207.466667MHz,150-250,207.466667
432,150-250__207.600000MHz,150-250,207.6
433,150-250__207.733333MHz,150-250,207.733333
434,150-250__207.866667MHz,150-250,207.866667
435,150-250__208.000000MHz,150-250,208.0
436,150-250__208.133333MHz,150-250,208.133333
437,150-250__208.266667MHz,150-250,208.266667
438,150-250__208.400000MHz,150-250,208.4
439,150-250__208.533333MHz,150-250,208.533333
440,150-250__208.666667MHz,150-250,208.666667
441,150-250__208.800000MHz,150-250,208.8
442,150-250__208.933333MHz,150-250,208.933333
443,150-250__209.066667MHz,150-250,209.066667
444,150-250__209.200000MHz,150-250,209.2
445,150-250__209.333333MHz,150-250,209.333333
446,150-250__209.466667MHz,150-250,209.466667
447,150-250__209.600000MHz,150-250,209.6
448,150-250__209.733333MHz,150-250,209.733333
449,150-250__209.866667MHz,150-250,209.866667
450,150-250__210.000000MHz,150-250,210.0
451,150-250__210.133333MHz,150-250,210.133333
452,150-250__210.266667MHz,150-250,210.266667
453,150-250__210.400000MHz,150-250,210.4
454,150-250__210.533333MHz,150-250,210.533333
455,150-250__210.666667MHz,150-250,210.666667
456,150-250__210.800000MHz,150-250,210.8
457,150-250__210.933333MHz,150-250,210.933333
458,150-250__211.066667MHz,150-250,211.066667
459,150-250__211.200000MHz,150-250,211.2
460,150-250__211.333333MHz,150-250,211.333333
461,150-250__211.466667MHz,150-250,211.466667
462,150-250__211.600000MHz,150-250,211.6
463,150-250__211.733333MHz,150-250,211.733333
464,150-250__211.866667MHz,150-250,211.866667
465,150-250__212.000000MHz,150-250,212.0
466,150-250__212.133333MHz,150-250,212.133333
467,150-250__212.266667MHz,150-250,212.266667
468,150-250__212.400000MHz,150-250,212.4
469,150-250__212.533333MHz,150-250,212.533333
470,150-250__212.666667MHz,150-250,212.666667
471,150-250__212.800000MHz,150-250,212.8
472,150-250__212.933333MHz,150-250,212.933333
473,150-250__213.066667MHz,150-250,213.066667
474,150-250__213.200000MHz,150-250,213.2
475,150-250__213.333333MHz,150-250,213.333333
476,150-250__213.466667MHz,150-250,213.466667
477,150-250__213.600000MHz,150-250,213.6
478,150-250__213.733333MHz,150-250,213.733333
479,150-250__213.866667MHz,150-250,213.866667
480,150-250__214.000000MHz,150-250,214.0
481,150-250__214.133333MHz,150-250,214.133333
482,150-250__214.266667MHz,150-250,214.266667
483,150-250__214.400000MHz,150-250,214.4
484,150-250__214.533333MHz,150-250,214.533333
485,150-250__214.666667MHz,150-250,214.666667
486,150-250__214.800000MHz,150-250,214.8
487,150-250__214.933333MHz,150-250,214.933333
488,150-250__215.066667MHz,150-250,215.066667
489,150-250__215.200000MHz,150-250,215.2
490,150-250__215.333333MHz,150-250,215.333333
491,150-250__215.466667MHz,150-250,215.466667
492,150-250__215.600000MHz,150-250,215.6
493,150-250__215.733333MHz,150-250,215.733333
494,150-250__215.866667MHz,150-250,215.866667
495,150-250__216.000000MHz,150-250,216.0
496,150-250__216.133333MHz,150-250,216.133333
497,150-250__216.266667MHz,150-250,216.266667
498,150-250__216.400000MHz,150-250,216.4
499,150-250__216.533333MHz,150-250,216.533333
500,150-250__216.666667MHz,150-250,216.666667
501,150-250__216.800000MHz,150-250,216.8
502,150-250__216.933333MHz,150-250,216.933333
503,150-250__217.066667MHz,150-250,217.066667
504,150-250__217.200000MHz,150-250,217.2
505,150-250__217.333333MHz,150-250,217.333333
506,150-250__217.466667MHz,150-250,217.466667
507,150-250__217.600000MHz,150-250,217.6
508,150-250__217.733333MHz,150-250,217.733333
509,150-250__217.866667MHz,150-250,217.866667
510,150-250__218.000000MHz,150-250,218.0
511,150-250__218.133333MHz,150-250,218.133333
512,150-250__218.266667MHz,150-250,218.266667
513,150-250__218.400000MHz,150-250,218.4
514,150-250__218.533333MHz,150-250,218.533333
515,150-250__218.666667MHz,150-250,218.666667
516,150-250__218.800000MHz,150-250,218.8
517,150-250__218.933333MHz,150-250,218.933333
518,150-250__219.066667MHz,150-250,219.066667
519,150-250__219.200000MHz,150-250,219.2
520,150-250__219.333333MHz,150-250,219.333333
521,150-250__219.466667MHz,150-250,219.466667
522,150-250__219.600000MHz,150-250,219.6
523,150-250__219.733333MHz,150-250,219.733333
524,150-250__219.866667MHz,150-250,219.866667
525,150-250__220.000000MHz,150-250,220.0
526,150-250__220.133333MHz,150-250,220.133333
527,150-250__220.266667MHz,150-250,220.266667
528,150-250__220.400000MHz,150-250,220.4
529,150-250__220.533333MHz,150-250,220.533333
530,150-250__220.666667MHz,150-250,220.666667
531,150-250__220.800000MHz,150-250,220.8
532,150-250__220.933333MHz,150-250,220.933333
533,150-250__221.066667MHz,150-250,221.066667
534,150-250__221.200000MHz,150-250,221.2
535,150-250__221.333333MHz,150-250,221.333333
536,150-250__221.466667MHz,150-250,221.466667
537,150-250__221.600000MHz,150-250,221.6
538,150-250__221.733333MHz,150-250,221.733333
539,150-250__221.866667MHz,150-250,221.866667
540,150-250__222.000000MHz,150-250,222.0
541,150-250__222.133333MHz,150-250,222.133333
542,150-250__222.266667MHz,150-250,222.266667
543,150-250__222.400000MHz,150-250,222.4
544,150-250__222.533333MHz,150-250,222.533333
545,150-250__222.666667MHz,150-250,222.666667
546,150-250__222.800000MHz,150-250,222.8
547,150-250__222.933333MHz,150-250,222.933333
548,150-250__223.066667MHz,150-250,223.066667
549,150-250__223.200000MHz,150-250,223.2
550,150-250__223.333333MHz,150-250,223.333333
551,150-250__223.466667MHz,150-250,223.466667
552,150-250__223.600000MHz,150-250,223.6
553,150-250__223.733333MHz,150-250,223.733333
554,150-250__223.866667MHz,150-250,223.866667
555,150-250__224.000000MHz,150-250,224.0
556,150-250__224.133333MHz,150-250,224.133333
557,150-250__224.266667MHz,150-250,224.266667
558,150-250__224.400000MHz,150-250,224.4
559,150-250__224.533333MHz,150-250,224.533333
560,150-250__224.666667MHz,150-250,224.666667
561,150-250__224.800000MHz,150-250,224.8
562,150-250__224.933333MHz,150-250,224.933333
563,150-250__225.066667MHz,150-250,225.066667
564,150-250__225.200000MHz,150-250,225.2
565,150-250__225.333333MHz,150-250,225.333333
566,150-250__225.466667MHz,150-250,225.466667
567,150-250__225.600000MHz,150-250,225.6
568,150-250__225.733333MHz,150-250,225.733333
569,150-250__225.866667MHz,150-250,225.866667
570,150-250__226.000000MHz,150-250,226.0
571,150-250__226.133333MHz,150-250,226.133333
572,150-250__226.266667MHz,150-250,226.266667
573,150-250__226.400000MHz,150-250,226.4
574,150-250__226.533333MHz,150-250,226.533333
575,150-250__226.666667MHz,150-250,226.666667
576,150-250__226.800000MHz,150-250,226.8
577,150-250__226.933333MHz,150-250,226.933333
578,150-250__227.066667MHz,150-250,227.066667
579,150-250__227.200000MHz,150-250,227.2
580,150-250__227.333333MHz,150-250,227.333333
581,150-250__227.466667MHz,150-250,227.466667
582,150-250__227.600000MHz,150-250,227.6
583,150-250__227.733333MHz,150-250,227.733333
584,150-250__227.866667MHz,150-250,227.866667
585,150-250__228.000000MHz,150-250,228.0
586,150-250__228.133333MHz,150-250,228.133333
587,150-250__228.266667MHz,150-250,228.266667
588,150-250__228.400000MHz,150-250,228.4
589,150-250__228.533333MHz,150-250,228.533333
590,150-250__228.666667MHz,150-250,228.666667
591,150-250__228.800000MHz,150-250,228.8
592,150-250__228.933333MHz,150-250,228.933333
593,150-250__229.066667MHz,150-250,229.066667
594,150-250__229.200000MHz,150-250,229.2
595,150-250__229.333333MHz,150-250,229.333333
596,150-250__229.466667MHz,150-250,229.466667
597,150-250__229.600000MHz,150-250,229.6
598,150-250__229.733333MHz,150-250,229.733333
599,150-250__229.866667MHz,150-250,229.866667
600,150-250__230.000000MHz,150-250,230.0
601,150-250__230.133333MHz,150-250,230.133333
602,150-250__230.266667MHz,150-250,230.266667
603,150-250__230.400000MHz,150-250,230.4
604,150-250__230.533333MHz,150-250,230.533333
605,150-250__230.666667MHz,150-250,230.666667
606,150-250__230.800000MHz,150-250,230.8
607,150-250__230.933333MHz,150-250,230.933333
608,150-250__231.066667MHz,150-250,231.066667
609,150-250__231.200000MHz,150-250,231.2
610,150-250__231.333333MHz,150-250,231.333333
611,150-250__231.466667MHz,150-250,231.466667
612,150-250__231.600000MHz,150-250,231.6
613,150-250__231.733333MHz,150-250,231.733333
614,150-250__231.866667MHz,150-250,231.866667
615,150-250__232.000000MHz,150-250,232.0
616,150-250__232.133333MHz,150-250,232.133333
617,150-250__232.266667MHz,150-250,232.266667
618,150-250__232.400000MHz,150-250,232.4
619,150-250__232.533333MHz,150-250,232.533333
620,150-250__232.666667MHz,150-250,232.666667
621,150-250__232.800000MHz,150-250,232.8
622,150-250__232.933333MHz,150-250,232.933333
623,150-250__233.066667MHz,150-250,233.066667
624,150-250__233.200000MHz,150-250,233.2
625,150-250__233.333333MHz,150-250,233.333333
626,150-250__233.466667MHz,150-250,233.466667
627,150-250__233.600000MHz,150-250,233.6
628,150-250__233.733333MHz,150-250,233.733333
629,150-250__233.866667MHz,150-250,233.866667
630,150-250__234.000000MHz,150-250,234.0
631,150-250__234.133333MHz,150-250,234.133333
632,150-250__234.266667MHz,150-250,234.266667
633,150-250__234.400000MHz,150-250,234.4
634,150-250__234.533333MHz,150-250,234.533333
635,150-250__234.666667MHz,150-250,234.666667
636,150-250__234.800000MHz,150-250,234.8
637,150-250__234.933333MHz,150-250,234.933333
638,150-250__235.066667MHz,150-250,235.066667
639,150-250__235.200000MHz,150-250,235.2
640,150-250__235.333333MHz,150-250,235.333333
641,150-250__235.466667MHz,150-250,235.466667
642,150-250__235.600000MHz,150-250,235.6
643,150-250__235.733333MHz,150-250,235.733333
644,150-250__235.866667MHz,150-250,235.866667
645,150-250__236.000000MHz,150-250,236.0
646,150-250__236.133333MHz,150-250,236.133333
647,150-250__236.266667MHz,150-250,236.266667
648,150-250__236.400000MHz,150-250,236.4
649,150-250__236.533333MHz,150-250,236.533333
650,150-250__236.666667MHz,150-250,236.666667
651,150-250__236.800000MHz,150-250,236.8
652,150-250__236.933333MHz,150-250,236.933333
653,150-250__237.066667MHz,150-250,237.066667
654,150-250__237.200000MHz,150-250,237.2
655,150-250__237.333333MHz,150-250,237.333333
656,150-250__237.466667MHz,150-250,237.466667
657,150-250__237.600000MHz,150-250,237.6
658,150-250__237.733333MHz,150-250,237.733333
659,150-250__237.866667MHz,150-250,237.866667
660,150-250__238.000000MHz,150-250,238.0
661,150-250__238.133333MHz,150-250,238.133333
662,150-250__238.266667MHz,150-250,238.266667
663,150-250__238.400000MHz,150-250,238.4
664,150-250__238.533333MHz,150-250,238.533333
665,150-250__238.666667MHz,150-250,238.666667
666,150-250__238.800000MHz,150-250,238.8
667,150-250__238.933333MHz,150-250,238.933333
668,150-250__239.066667MHz,150-250,239.066667
669,150-250__239.200000MHz,150-250,239.2
670,150-250__239.333333MHz,150-250,239.333333
671,150-250__239.466667MHz,150-250,239.466667
672,150-250__239.600000MHz,150-250,239.6
673,150-250__239.733333MHz,150-250,239.733333
674,150-250__239.866667MHz,150-250,239.866667
675,150-250__240.000000MHz,150-250,240.0
676,150-250__240.133333MHz,150-250,240.133333
677,150-250__240.266667MHz,150-250,240.266667
678,150-250__240.400000MHz,150-250,240.4
679,150-250__240.533333MHz,150-250,240.533333
680,150-250__240.666667MHz,150-250,240.666667
681,150-250__240.800000MHz,150-250,240.8
682,150-250__240.933333MHz,150-250,240.933333
683,150-250__241.066667MHz,150-250,241.066667
684,150-250__241.200000MHz,150-250,241.2
685,150-250__241.333333MHz,150-250,241.333333
686,150-250__241.466667MHz,150-250,241.466667
687,150-250__241.600000MHz,150-250,241.6
688,150-250__241.733333MHz,150-250,241.733333
689,150-250__241.866667MHz,150-250,241.866667
690,150-250__242.000000MHz,150-250,242.0
691,150-250__242.133333MHz,150-250,242.133333
692,150-250__242.266667MHz,150-250,242.266667
693,150-250__242.400000MHz,150-250,242.4
694,150-250__242.533333MHz,150-250,242.533333
695,150-250__242.666667MHz,150-250,242.666667
696,150-250__242.800000MHz,150-250,242.8
697,150-250__242.933333MHz,150-250,242.933333
698,150-250__243.066667MHz,150-250,243.066667
699,150-250__243.200000MHz,150-250,243.2
700,150-250__243.333333MHz,150-250,243.333333
701,150-250__243.466667MHz,150-250,243.466667
702,150-250__243.600000MHz,150-250,243.6
703,150-250__243.733333MHz,150-250,243.733333
704,150-250__243.866667MHz,150-250,243.866667
705,150-250__244.000000MHz,150-250,244.0
706,150-250__244.133333MHz,150-250,244.133333
707,150-250__244.266667MHz,150-250,244.266667
708,150-250__244.400000MHz,150-250,244.4
709,150-250__244.533333MHz,150-250,244.533333
710,150-250__244.666667MHz,150-250,244.666667
711,150-250__244.800000MHz,150-250,244.8
712,150-250__244.933333MHz,150-250,244.933333
713,150-250__245.066667MHz,150-250,245.066667
714,150-250__245.200000MHz,150-250,245.2
715,150-250__245.333333MHz,150-250,245.333333
716,150-250__245.466667MHz,150-250,245.466667
717,150-250__245.600000MHz,150-250,245.6
718,150-250__245.733333MHz,150-250,245.733333
719,150-250__245.866667MHz,150-250,245.866667
720,150-250__246.000000MHz,150-250,246.0
721,150-250__246.133333MHz,150-250,246.133333
722,150-250__246.266667MHz,150-250,246.266667
723,150-250__246.400000MHz,150-250,246.4
724,150-250__246.533333MHz,150-250,246.533333
725,150-250__246.666667MHz,150-250,246.666667
726,150-250__246.800000MHz,150-250,246.8
727,150-250__246.933333MHz,150-250,246.933333
728,150-250__247.066667MHz,150-250,247.066667
729,150-250__247.200000MHz,150-250,247.2
730,150-250__247.333333MHz,150-250,247.333333
731,150-250__247.466667MHz,150-250,247.466667
732,150-250__247.600000MHz,150-250,247.6
733,150-250__247.733333MHz,150-250,247.733333
734,150-250__247.866667MHz,150-250,247.866667
735,150-250__248.000000MHz,150-250,248.0
736,150-250__248.133333MHz,150-250,248.133333
737,150-250__248.266667MHz,150-250,248.266667
738,150-250__248.400000MHz,150-250,248.4
739,150-250__248.533333MHz,150-250,248.533333
740,150-250__248.666667MHz,150-250,248.666667
741,150-250__248.800000MHz,150-250,248.8
742,150-250__248.933333MHz,150-250,248.933333
743,150-250__249.066667MHz,150-250,249.066667
744,150-250__249.200000MHz,150-250,249.2
745,150-250__249.333333MHz,150-250,249.333333
746,150-250__249.466667MHz,150-250,249.466667
747,150-250__249.600000MHz,150-250,249.6
748,150-250__249.733333MHz,150-250,249.733333
749,150-250__249.866667MHz,150-250,249.866667
750,150-250__250.000000MHz,150-250,250.0
751,350__250.000000MHz,350,250.0
752,350__250.133333MHz,350,250.133333
753,350__250.266667MHz,350,250.266667
754,350__250.400000MHz,350,250.4
755,350__250.533333MHz,350,250.533333
756,350__250.666667MHz,350,250.666667
757,350__250.800000MHz,350,250.8
758,350__250.933333MHz,350,250.933333
759,350__251.066667MHz,350,251.066667
760,350__251.200000MHz,350,251.2
761,350__251.333333MHz,350,251.333333
762,350__251.466667MHz,350,251.466667
763,350__251.600000MHz,350,251.6
764,350__251.733333MHz,350,251.733333
765,350__251.866667MHz,350,251.866667
766,350__252.000000MHz,350,252.0
767,350__252.133333MHz,350,252.133333
768,350__252.266667MHz,350,252.266667
769,350__252.400000MHz,350,252.4
770,350__252.533333MHz,350,252.533333
771,350__252.666667MHz,350,252.666667
772,350__252.800000MHz,350,252.8
773,350__252.933333MHz,350,252.933333
774,350__253.066667MHz,350,253.066667
775,350__253.200000MHz,350,253.2
776,350__253.333333MHz,350,253.333333
777,350__253.466667MHz,350,253.466667
778,350__253.600000MHz,350,253.6
779,350__253.733333MHz,350,253.733333
780,350__253.866667MHz,350,253.866667
781,350__254.000000MHz,350,254.0
782,350__254.133333MHz,350,254.133333
783,350__254.266667MHz,350,254.266667
784,350__254.400000MHz,350,254.4
785,350__254.533333MHz,350,254.533333
786,350__254.666667MHz,350,254.666667
787,350__254.800000MHz,350,254.8
788,350__254.933333MHz,350,254.933333
789,350__255.066667MHz,350,255.066667
790,350__255.200000MHz,350,255.2
791,350__255.333333MHz,350,255.333333
792,350__255.466667MHz,350,255.466667
793,350__255.600000MHz,350,255.6
794,350__255.733333MHz,350,255.733333
795,350__255.866667MHz,350,255.866667
796,350__256.000000MHz,350,256.0
797,350__256.133333MHz,350,256.133333
798,350__256.266667MHz,350,256.266667
799,350__256.400000MHz,350,256.4
800,350__256.533333MHz,350,256.533333
801,350__256.666667MHz,350,256.666667
802,350__256.800000MHz,350,256.8
803,350__256.933333MHz,350,256.933333
804,350__257.066667MHz,350,257.066667
805,350__257.200000MHz,350,257.2
806,350__257.333333MHz,350,257.333333
807,350__257.466667MHz,350,257.466667
808,350__257.600000MHz,350,257.6
809,350__257.733333MHz,350,257.733333
810,350__257.866667MHz,350,257.866667
811,350__258.000000MHz,350,258.0
812,350__258.133333MHz,350,258.133333
813,350__258.266667MHz,350,258.266667
814,350__258.400000MHz,350,258.4
815,350__258.533333MHz,350,258.533333
816,350__258.666667MHz,350,258.666667
817,350__258.800000MHz,350,258.8
818,350__258.933333MHz,350,258.933333
819,350__259.066667MHz,350,259.066667
820,350__259.200000MHz,350,259.2
821,350__259.333333MHz,350,259.333333
822,350__259.466667MHz,350,259.466667
823,350__259.600000MHz,350,259.6
824,350__259.733333MHz,350,259.733333
825,350__259.866667MHz,350,259.866667
826,350__260.000000MHz,350,260.0
827,350__260.133333MHz,350,260.133333
828,350__260.266667MHz,350,260.266667
829,350__260.400000MHz,350,260.4
830,350__260.533333MHz,350,260.533333
831,350__260.666667MHz,350,260.666667
832,350__260.800000MHz,350,260.8
833,350__260.933333MHz,350,260.933333
834,350__261.066667MHz,350,261.066667
835,350__261.200000MHz,350,261.2
836,350__261.333333MHz,350,261.333333
837,350__261.466667MHz,350,261.466667
838,350__261.600000MHz,350,261.6
839,350__261.733333MHz,350,261.733333
840,350__261.866667MHz,350,261.866667
841,350__262.000000MHz,350,262.0
842,350__262.133333MHz,350,262.133333
843,350__262.266667MHz,350,262.266667
844,350__262.400000MHz,350,262.4
845,350__262.533333MHz,350,262.533333
846,350__262.666667MHz,350,262.666667
847,350__262.800000MHz,350,262.8
848,350__262.933333MHz,350,262.933333
849,350__263.066667MHz,350,263.066667
850,350__263.200000MHz,350,263.2
851,350__263.333333MHz,350,263.333333
852,350__263.466667MHz,350,263.466667
853,350__263.600000MHz,350,263.6
854,350__263.733333MHz,350,263.733333
855,350__263.866667MHz,350,263.866667
856,350__264.000000MHz,350,264.0
857,350__264.133333MHz,350,264.133333
858,350__264.266667MHz,350,264.266667
859,350__264.400000MHz,350,264.4
860,350__264.533333MHz,350,264.533333
861,350__264.666667MHz,350,264.666667
862,350__264.800000MHz,350,264.8
863,350__264.933333MHz,350,264.933333
864,350__265.066667MHz,350,265.066667
865,350__265.200000MHz,350,265.2
866,350__265.333333MHz,350,265.333333
867,350__265.466667MHz,350,265.466667
868,350__265.600000MHz,350,265.6
869,350__265.733333MHz,350,265.733333
870,350__265.866667MHz,350,265.866667
871,350__266.000000MHz,350,266.0
872,350__266.133333MHz,350,266.133333
873,350__266.266667MHz,350,266.266667
874,350__266.400000MHz,350,266.4
875,350__266.533333MHz,350,266.533333
876,350__266.666667MHz,350,266.666667
877,350__266.800000MHz,350,266.8
878,350__266.933333MHz,350,266.933333
879,350__267.066667MHz,350,267.066667
880,350__267.200000MHz,350,267.2
881,350__267.333333MHz,350,267.333333
882,350__267.466667MHz,350,267.466667
883,350__267.600000MHz,350,267.6
884,350__267.733333MHz,350,267.733333
885,350__267.866667MHz,350,267.866667
886,350__268.000000MHz,350,268.0
887,350__268.133333MHz,350,268.133333
888,350__268.266667MHz,350,268.266667
889,350__268.400000MHz,350,268.4
890,350__268.533333MHz,350,268.533333
891,350__268.666667MHz,350,268.666667
892,350__268.800000MHz,350,268.8
893,350__268.933333MHz,350,268.933333
894,350__269.066667MHz,350,269.066667
895,350__269.200000MHz,350,269.2
896,350__269.333333MHz,350,269.333333
897,350__269.466667MHz,350,269.466667
898,350__269.600000MHz,350,269.6
899,350__269.733333MHz,350,269.733333
900,350__269.866667MHz,350,269.866667
901,350__270.000000MHz,350,270.0
902,350__270.133333MHz,350,270.133333
903,350__270.266667MHz,350,270.266667
904,350__270.400000MHz,350,270.4
905,350__270.533333MHz,350,270.533333
906,350__270.666667MHz,350,270.666667
907,350__270.800000MHz,350,270.8
908,350__270.933333MHz,350,270.933333
909,350__271.066667MHz,350,271.066667
910,350__271.200000MHz,350,271.2
911,350__271.333333MHz,350,271.333333
912,350__271.466667MHz,350,271.466667
913,350__271.600000MHz,350,271.6
914,350__271.733333MHz,350,271.733333
915,350__271.866667MHz,350,271.866667
916,350__272.000000MHz,350,272.0
917,350__272.133333MHz,350,272.133333
918,350__272.266667MHz,350,272.266667
919,350__272.400000MHz,350,272.4
920,350__272.533333MHz,350,272.533333
921,350__272.666667MHz,350,272.666667
922,350__272.800000MHz,350,272.8
923,350__272.933333MHz,350,272.933333
924,350__273.066667MHz,350,273.066667
925,350__273.200000MHz,350,273.2
926,350__273.333333MHz,350,273.333333
927,350__273.466667MHz,350,273.466667
928,350__273.600000MHz,350,273.6
929,350__273.733333MHz,350,273.733333
930,350__273.866667MHz,350,273.866667
931,350__274.000000MHz,350,274.0
932,350__274.133333MHz,350,274.133333
933,350__274.266667MHz,350,274.266667
934,350__274.400000MHz,350,274.4
935,350__274.533333MHz,350,274.533333
936,350__274.666667MHz,350,274.666667
937,350__274.800000MHz,350,274.8
938,350__274.933333MHz,350,274.933333
939,350__275.066667MHz,350,275.066667
940,350__275.200000MHz,350,275.2
941,350__275.333333MHz,350,275.333333
942,350__275.466667MHz,350,275.466667
943,350__275.600000MHz,350,275.6
944,350__275.733333MHz,350,275.733333
945,350__275.866667MHz,350,275.866667
946,350__276.000000MHz,350,276.0
947,350__276.133333MHz,350,276.133333
948,350__276.266667MHz,350,276.266667
949,350__276.400000MHz,350,276.4
950,350__276.533333MHz,350,276.533333
951,350__276.666667MHz,350,276.666667
952,350__276.800000MHz,350,276.8
953,350__276.933333MHz,350,276.933333
954,350__277.066667MHz,350,277.066667
955,350__277.200000MHz,350,277.2
956,350__277.333333MHz,350,277.333333
957,350__277.466667MHz,350,277.466667
958,350__277.600000MHz,350,277.6
959,350__277.733333MHz,350,277.733333
960,350__277.866667MHz,350,277.866667
961,350__278.000000MHz,350,278.0
962,350__278.133333MHz,350,278.133333
963,350__278.266667MHz,350,278.266667
964,350__278.400000MHz,350,278.4
965,350__278.533333MHz,350,278.533333
966,350__278.666667MHz,350,278.666667
967,350__278.800000MHz,350,278.8
968,350__278.933333MHz,350,278.933333
969,350__279.066667MHz,350,279.066667
970,350__279.200000MHz,350,279.2
971,350__279.333333MHz,350,279.333333
972,350__279.466667MHz,350,279.466667
973,350__279.600000MHz,350,279.6
974,350__279.733333MHz,350,279.733333
975,350__279.866667MHz,350,279.866667
976,350__280.000000MHz,350,280.0
977,350__280.133333MHz,350,280.133333
978,350__280.266667MHz,350,280.266667
979,350__280.400000MHz,350,280.4
980,350__280.533333MHz,350,280.533333
981,350__280.666667MHz,350,280.666667
982,350__280.800000MHz,350,280.8
983,350__280.933333MHz,350,280.933333
984,350__281.066667MHz,350,281.066667
985,350__281.200000MHz,350,281.2
986,350__281.333333MHz,350,281.333333
987,350__281.466667MHz,350,281.466667
988,350__281.600000MHz,350,281.6
989,350__281.733333MHz,350,281.733333
990,350__281.866667MHz,350,281.866667
991,350__282.000000MHz,350,282.0
992,350__282.133333MHz,350,282.133333
993,350__282.266667MHz,350,282.266667
994,350__282.400000MHz,350,282.4
995,350__282.533333MHz,350,282.533333
996,350__282.666667MHz,350,282.666667
997,350__282.800000MHz,350,282.8
998,350__282.933333MHz,350,282.933333
999,350__283.066667MHz,350,283.066667
1000,350__283.200000MHz,350,283.2
1001,350__283.333333MHz,350,283.333333
1002,350__283.466667MHz,350,283.466667
1003,350__283.600000MHz,350,283.6
1004,350__283.733333MHz,350,283.733333
1005,350__283.866667MHz,350,283.866667
1006,350__284.000000MHz,350,284.0
1007,350__284.133333MHz,350,284.133333
1008,350__284.266667MHz,350,284.266667
1009,350__284.400000MHz,350,284.4
1010,350__284.533333MHz,350,284.533333
1011,350__284.666667MHz,350,284.666667
1012,350__284.800000MHz,350,284.8
1013,350__284.933333MHz,350,284.933333
1014,350__285.066667MHz,350,285.066667
1015,350__285.200000MHz,350,285.2
1016,350__285.333333MHz,350,285.333333
1017,350__285.466667MHz,350,285.466667
1018,350__285.600000MHz,350,285.6
1019,350__285.733333MHz,350,285.733333
1020,350__285.866667MHz,350,285.866667
1021,350__286.000000MHz,350,286.0
1022,350__286.133333MHz,350,286.133333
1023,350__286.266667MHz,350,286.266667
1024,350__286.400000MHz,350,286.4
1025,350__286.533333MHz,350,286.533333
1026,350__286.666667MHz,350,286.666667
1027,350__286.800000MHz,350,286.8
1028,350__286.933333MHz,350,286.933333
1029,350__287.066667MHz,350,287.066667
1030,350__287.200000MHz,350,287.2
1031,350__287.333333MHz,350,287.333333
1032,350__287.466667MHz,350,287.466667
1033,350__287.600000MHz,350,287.6
1034,350__287.733333MHz,350,287.733333
1035,350__287.866667MHz,350,287.866667
1036,350__288.000000MHz,350,288.0
1037,350__288.133333MHz,350,288.133333
1038,350__288.266667MHz,350,288.266667
1039,350__288.400000MHz,350,288.4
1040,350__288.533333MHz,350,288.533333
1041,350__288.666667MHz,350,288.666667
1042,350__288.800000MHz,350,288.8
1043,350__288.933333MHz,350,288.933333
1044,350__289.066667MHz,350,289.066667
1045,350__289.200000MHz,350,289.2
1046,350__289.333333MHz,350,289.333333
1047,350__289.466667MHz,350,289.466667
1048,350__289.600000MHz,350,289.6
1049,350__289.733333MHz,350,289.733333
1050,350__289.866667MHz,350,289.866667
1051,350__290.000000MHz,350,290.0
1052,350__290.133333MHz,350,290.133333
1053,350__290.266667MHz,350,290.266667
1054,350__290.400000MHz,350,290.4
1055,350__290.533333MHz,350,290.533333
1056,350__290.666667MHz,350,290.666667
1057,350__290.800000MHz,350,290.8
1058,350__290.933333MHz,350,290.933333
1059,350__291.066667MHz,350,291.066667
1060,350__291.200000MHz,350,291.2
1061,350__291.333333MHz,350,291.333333
1062,350__291.466667MHz,350,291.466667
1063,350__291.600000MHz,350,291.6
1064,350__291.733333MHz,350,291.733333
1065,350__291.866667MHz,350,291.866667
1066,350__292.000000MHz,350,292.0
1067,350__292.133333MHz,350,292.133333
1068,350__292.266667MHz,350,292.266667
1069,350__292.400000MHz,350,292.4
1070,350__292.533333MHz,350,292.533333
1071,350__292.666667MHz,350,292.666667
1072,350__292.800000MHz,350,292.8
1073,350__292.933333MHz,350,292.933333
1074,350__293.066667MHz,350,293.066667
1075,350__293.200000MHz,350,293.2
1076,350__293.333333MHz,350,293.333333
1077,350__293.466667MHz,350,293.466667
1078,350__293.600000MHz,350,293.6
1079,350__293.733333MHz,350,293.733333
1080,350__293.866667MHz,350,293.866667
1081,350__294.000000MHz,350,294.0
1082,350__294.133333MHz,350,294.133333
1083,350__294.266667MHz,350,294.266667
1084,350__294.400000MHz,350,294.4
1085,350__294.533333MHz,350,294.533333
1086,350__294.666667MHz,350,294.666667
1087,350__294.800000MHz,350,294.8
1088,350__294.933333MHz,350,294.933333
1089,350__295.066667MHz,350,295.066667
1090,350__295.200000MHz,350,295.2
1091,350__295.333333MHz,350,295.333333
1092,350__295.466667MHz,350,295.466667
1093,350__295.600000MHz,350,295.6
1094,350__295.733333MHz,350,295.733333
1095,350__295.866667MHz,350,295.866667
1096,350__296.000000MHz,350,296.0
1097,350__296.133333MHz,350,296.133333
1098,350__296.266667MHz,350,296.266667
1099,350__296.400000MHz,350,296.4
1100,350__296.533333MHz,350,296.533333
1101,350__296.666667MHz,350,296.666667
1102,350__296.800000MHz,350,296.8
1103,350__296.933333MHz,350,296.933333
1104,350__297.066667MHz,350,297.066667
1105,350__297.200000MHz,350,297.2
1106,350__297.333333MHz,350,297.333333
1107,350__297.466667MHz,350,297.466667
1108,350__297.600000MHz,350,297.6
1109,350__297.733333MHz,350,297.733333
1110,350__297.866667MHz,350,297.866667
1111,350__298.000000MHz,350,298.0
1112,350__298.133333MHz,350,298.133333
1113,350__298.266667MHz,350,298.266667
1114,350__298.400000MHz,350,298.4
1115,350__298.533333MHz,350,298.533333
1116,350__298.666667MHz,350,298.666667
1117,350__298.800000MHz,350,298.8
1118,350__298.933333MHz,350,298.933333
1119,350__299.066667MHz,350,299.066667
1120,350__299.200000MHz,350,299.2
1121,350__299.333333MHz,350,299.333333
1122,350__299.466667MHz,350,299.466667
1123,350__299.600000MHz,350,299.6
1124,350__299.733333MHz,350,299.733333
1125,350__299.866667MHz,350,299.866667
1126,350__300.000000MHz,350,300.0
1127,350__300.133333MHz,350,300.133333
1128,350__300.266667MHz,350,300.266667
1129,350__300.400000MHz,350,300.4
1130,350__300.533333MHz,350,300.533333
1131,350__300.666667MHz,350,300.666667
1132,350__300.800000MHz,350,300.8
1133,350__300.933333MHz,350,300.933333
1134,350__301.066667MHz,350,301.066667
1135,350__301.200000MHz,350,301.2
1136,350__301.333333MHz,350,301.333333
1137,350__301.466667MHz,350,301.466667
1138,350__301.600000MHz,350,301.6
1139,350__301.733333MHz,350,301.733333
1140,350__301.866667MHz,350,301.866667
1141,350__302.000000MHz,350,302.0
1142,350__302.133333MHz,350,302.133333
1143,350__302.266667MHz,350,302.266667
1144,350__302.400000MHz,350,302.4
1145,350__302.533333MHz,350,302.533333
1146,350__302.666667MHz,350,302.666667
1147,350__302.800000MHz,350,302.8
1148,350__302.933333MHz,350,302.933333
1149,350__303.066667MHz,350,303.066667
1150,350__303.200000MHz,350,303.2
1151,350__303.333333MHz,350,303.333333
1152,350__303.466667MHz,350,303.466667
1153,350__303.600000MHz,350,303.6
1154,350__303.733333MHz,350,303.733333
1155,350__303.866667MHz,350,303.866667
1156,350__304.000000MHz,350,304.0
1157,350__304.133333MHz,350,304.133333
1158,350__304.266667MHz,350,304.266667
1159,350__304.400000MHz,350,304.4
1160,350__304.533333MHz,350,304.533333
1161,350__304.666667MHz,350,304.666667
1162,350__304.800000MHz,350,304.8
1163,350__304.933333MHz,350,304.933333
1164,350__305.066667MHz,350,305.066667
1165,350__305.200000MHz,350,305.2
1166,350__305.333333MHz,350,305.333333
1167,350__305.466667MHz,350,305.466667
1168,350__305.600000MHz,350,305.6
1169,350__305.733333MHz,350,305.733333
1170,350__305.866667MHz,350,305.866667
1171,350__306.000000MHz,350,306.0
1172,350__306.133333MHz,350,306.133333
1173,350__306.266667MHz,350,306.266667
1174,350__306.400000MHz,350,306.4
1175,350__306.533333MHz,350,306.533333
1176,350__306.666667MHz,350,306.666667
1177,350__306.800000MHz,350,306.8
1178,350__306.933333MHz,350,306.933333
1179,350__307.066667MHz,350,307.066667
1180,350__307.200000MHz,350,307.2
1181,350__307.333333MHz,350,307.333333
1182,350__307.466667MHz,350,307.466667
1183,350__307.600000MHz,350,307.6
1184,350__307.733333MHz,350,307.733333
1185,350__307.866667MHz,350,307.866667
1186,350__308.000000MHz,350,308.0
1187,350__308.133333MHz,350,308.133333
1188,350__308.266667MHz,350,308.266667
1189,350__308.400000MHz,350,308.4
1190,350__308.533333MHz,350,308.533333
1191,350__308.666667MHz,350,308.666667
1192,350__308.800000MHz,350,308.8
1193,350__308.933333MHz,350,308.933333
1194,350__309.066667MHz,350,309.066667
1195,350__309.200000MHz,350,309.2
1196,350__309.333333MHz,350,309.333333
1197,350__309.466667MHz,350,309.466667
1198,350__309.600000MHz,350,309.6
1199,350__309.733333MHz,350,309.733333
1200,350__309.866667MHz,350,309.866667
1201,350__310.000000MHz,350,310.0
1202,350__310.133333MHz,350,310.133333
1203,350__310.266667MHz,350,310.266667
1204,350__310.400000MHz,350,310.4
1205,350__310.533333MHz,350,310.533333
1206,350__310.666667MHz,350,310.666667
1207,350__310.800000MHz,350,310.8
1208,350__310.933333MHz,350,310.933333
1209,350__311.066667MHz,350,311.066667
1210,350__311.200000MHz,350,311.2
1211,350__311.333333MHz,350,311.333333
1212,350__311.466667MHz,350,311.466667
1213,350__311.600000MHz,350,311.6
1214,350__311.733333MHz,350,311.733333
1215,350__311.866667MHz,350,311.866667
1216,350__312.000000MHz,350,312.0
1217,350__312.133333MHz,350,312.133333
1218,350__312.266667MHz,350,312.266667
1219,350__312.400000MHz,350,312.4
1220,350__312.533333MHz,350,312.533333
1221,350__312.666667MHz,350,312.666667
1222,350__312.800000MHz,350,312.8
1223,350__312.933333MHz,350,312.933333
1224,350__313.066667MHz,350,313.066667
1225,350__313.200000MHz,350,313.2
1226,350__313.333333MHz,350,313.333333
1227,350__313.466667MHz,350,313.466667
1228,350__313.600000MHz,350,313.6
1229,350__313.733333MHz,350,313.733333
1230,350__313.866667MHz,350,313.866667
1231,350__314.000000MHz,350,314.0
1232,350__314.133333MHz,350,314.133333
1233,350__314.266667MHz,350,314.266667
1234,350__314.400000MHz,350,314.4
1235,350__314.533333MHz,350,314.533333
1236,350__314.666667MHz,350,314.666667
1237,350__314.800000MHz,350,314.8
1238,350__314.933333MHz,350,314.933333
1239,350__315.066667MHz,350,315.066667
1240,350__315.200000MHz,350,315.2
1241,350__315.333333MHz,350,315.333333
1242,350__315.466667MHz,350,315.466667
1243,350__315.600000MHz,350,315.6
1244,350__315.733333MHz,350,315.733333
1245,350__315.866667MHz,350,315.866667
1246,350__316.000000MHz,350,316.0
1247,350__316.133333MHz,350,316.133333
1248,350__316.266667MHz,350,316.266667
1249,350__316.400000MHz,350,316.4
1250,350__316.533333MHz,350,316.533333
1251,350__316.666667MHz,350,316.666667
1252,350__316.800000MHz,350,316.8
1253,350__316.933333MHz,350,316.933333
1254,350__317.066667MHz,350,317.066667
1255,350__317.200000MHz,350,317.2
1256,350__317.333333MHz,350,317.333333
1257,350__317.466667MHz,350,317.466667
1258,350__317.600000MHz,350,317.6
1259,350__317.733333MHz,350,317.733333
1260,350__317.866667MHz,350,317.866667
1261,350__318.000000MHz,350,318.0
1262,350__318.133333MHz,350,318.133333
1263,350__318.266667MHz,350,318.266667
1264,350__318.400000MHz,350,318.4
1265,350__318.533333MHz,350,318.533333
1266,350__318.666667MHz,350,318.666667
1267,350__318.800000MHz,350,318.8
1268,350__318.933333MHz,350,318.933333
1269,350__319.066667MHz,350,319.066667
1270,350__319.200000MHz,350,319.2
1271,350__319.333333MHz,350,319.333333
1272,350__319.466667MHz,350,319.466667
1273,350__319.600000MHz,350,319.6
1274,350__319.733333MHz,350,319.733333
1275,350__319.866667MHz,350,319.866667
1276,350__320.000000MHz,350,320.0
1277,350__320.133333MHz,350,320.133333
1278,350__320.266667MHz,350,320.266667
1279,350__320.400000MHz,350,320.4
1280,350__320.533333MHz,350,320.533333
1281,350__320.666667MHz,350,320.666667
1282,350__320.800000MHz,350,320.8
1283,350__320.933333MHz,350,320.933333
1284,350__321.066667MHz,350,321.066667
1285,350__321.200000MHz,350,321.2
1286,350__321.333333MHz,350,321.333333
1287,350__321.466667MHz,350,321.466667
1288,350__321.600000MHz,350,321.6
1289,350__321.733333MHz,350,321.733333
1290,350__321.866667MHz,350,321.866667
1291,350__322.000000MHz,350,322.0
1292,350__322.133333MHz,350,322.133333
1293,350__322.266667MHz,350,322.266667
1294,350__322.400000MHz,350,322.4
1295,350__322.533333MHz,350,322.533333
1296,350__322.666667MHz,350,322.666667
1297,350__322.800000MHz,350,322.8
1298,350__322.933333MHz,350,322.933333
1299,350__323.066667MHz,350,323.066667
1300,350__323.200000MHz,350,323.2
1301,350__323.333333MHz,350,323.333333
1302,350__323.466667MHz,350,323.466667
1303,350__323.600000MHz,350,323.6
1304,350__323.733333MHz,350,323.733333
1305,350__323.866667MHz,350,323.866667
1306,350__324.000000MHz,350,324.0
1307,350__324.133333MHz,350,324.133333
1308,350__324.266667MHz,350,324.266667
1309,350__324.400000MHz,350,324.4
1310,350__324.533333MHz,350,324.533333
1311,350__324.666667MHz,350,324.666667
1312,350__324.800000MHz,350,324.8
1313,350__324.933333MHz,350,324.933333
1314,350__325.066667MHz,350,325.066667
1315,350__325.200000MHz,350,325.2
1316,350__325.333333MHz,350,325.333333
1317,350__325.466667MHz,350,325.466667
1318,350__325.600000MHz,350,325.6
1319,350__325.733333MHz,350,325.733333
1320,350__325.866667MHz,350,325.866667
1321,350__326.000000MHz,350,326.0
1322,350__326.133333MHz,350,326.133333
1323,350__326.266667MHz,350,326.266667
1324,350__326.400000MHz,350,326.4
1325,350__326.533333MHz,350,326.533333
1326,350__326.666667MHz,350,326.666667
1327,350__326.800000MHz,350,326.8
1328,350__326.933333MHz,350,326.933333
1329,350__327.066667MHz,350,327.066667
1330,350__327.200000MHz,350,327.2
1331,350__327.333333MHz,350,327.333333
1332,350__327.466667MHz,350,327.466667
1333,350__327.600000MHz,350,327.6
1334,350__327.733333MHz,350,327.733333
1335,350__327.866667MHz,350,327.866667
1336,350__328.000000MHz,350,328.0
1337,350__328.133333MHz,350,328.133333
1338,350__328.266667MHz,350,328.266667
1339,350__328.400000MHz,350,328.4
1340,350__328.533333MHz,350,328.533333
1341,350__328.666667MHz,350,328.666667
1342,350__328.800000MHz,350,328.8
1343,350__328.933333MHz,350,328.933333
1344,350__329.066667MHz,350,329.066667
1345,350__329.200000MHz,350,329.2
1346,350__329.333333MHz,350,329.333333
1347,350__329.466667MHz,350,329.466667
1348,350__329.600000MHz,350,329.6
1349,350__329.733333MHz,350,329.733333
1350,350__329.866667MHz,350,329.866667
1351,350__330.000000MHz,350,330.0
1352,350__330.133333MHz,350,330.133333
1353,350__330.266667MHz,350,330.266667
1354,350__330.400000MHz,350,330.4
1355,350__330.533333MHz,350,330.533333
1356,350__330.666667MHz,350,330.666667
1357,350__330.800000MHz,350,330.8
1358,350__330.933333MHz,350,330.933333
1359,350__331.066667MHz,350,331.066667
1360,350__331.200000MHz,350,331.2
1361,350__331.333333MHz,350,331.333333
1362,350__331.466667MHz,350,331.466667
1363,350__331.600000MHz,350,331.6
1364,350__331.733333MHz,350,331.733333
1365,350__331.866667MHz,350,331.866667
1366,350__332.000000MHz,350,332.0
1367,350__332.133333MHz,350,332.133333
1368,350__332.266667MHz,350,332.266667
1369,350__332.400000MHz,350,332.4
1370,350__332.533333MHz,350,332.533333
1371,350__332.666667MHz,350,332.666667
1372,350__332.800000MHz,350,332.8
1373,350__332.933333MHz,350,332.933333
1374,350__333.066667MHz,350,333.066667
1375,350__333.200000MHz,350,333.2
1376,350__333.333333MHz,350,333.333333
1377,350__333.466667MHz,350,333.466667
1378,350__333.600000MHz,350,333.6
1379,350__333.733333MHz,350,333.733333
1380,350__333.866667MHz,350,333.866667
1381,350__334.000000MHz,350,334.0
1382,350__334.133333MHz,350,334.133333
1383,350__334.266667MHz,350,334.266667
1384,350__334.400000MHz,350,334.4
1385,350__334.533333MHz,350,334.533333
1386,350__334.666667MHz,350,334.666667
1387,350__334.800000MHz,350,334.8
1388,350__334.933333MHz,350,334.933333
1389,350__335.066667MHz,350,335.066667
1390,350__335.200000MHz,350,335.2
1391,350__335.333333MHz,350,335.333333
1392,350__335.466667MHz,350,335.466667
1393,350__335.600000MHz,350,335.6
1394,350__335.733333MHz,350,335.733333
1395,350__335.866667MHz,350,335.866667
1396,350__336.000000MHz,350,336.0
1397,350__336.133333MHz,350,336.133333
1398,350__336.266667MHz,350,336.266667
1399,350__336.400000MHz,350,336.4
1400,350__336.533333MHz,350,336.533333
1401,350__336.666667MHz,350,336.666667
1402,350__336.800000MHz,350,336.8
1403,350__336.933333MHz,350,336.933333
1404,350__337.066667MHz,350,337.066667
1405,350__337.200000MHz,350,337.2
1406,350__337.333333MHz,350,337.333333
1407,350__337.466667MHz,350,337.466667
1408,350__337.600000MHz,350,337.6
1409,350__337.733333MHz,350,337.733333
1410,350__337.866667MHz,350,337.866667
1411,350__338.000000MHz,350,338.0
1412,350__338.133333MHz,350,338.133333
1413,350__338.266667MHz,350,338.266667
1414,350__338.400000MHz,350,338.4
1415,350__338.533333MHz,350,338.533333
1416,350__338.666667MHz,350,338.666667
1417,350__338.800000MHz,350,338.8
1418,350__338.933333MHz,350,338.933333
1419,350__339.066667MHz,350,339.066667
1420,350__339.200000MHz,350,339.2
1421,350__339.333333MHz,350,339.333333
1422,350__339.466667MHz,350,339.466667
1423,350__339.600000MHz,350,339.6
1424,350__339.733333MHz,350,339.733333
1425,350__339.866667MHz,350,339.866667
1426,350__340.000000MHz,350,340.0
1427,350__340.133333MHz,350,340.133333
1428,350__340.266667MHz,350,340.266667
1429,350__340.400000MHz,350,340.4
1430,350__340.533333MHz,350,340.533333
1431,350__340.666667MHz,350,340.666667
1432,350__340.800000MHz,350,340.8
1433,350__340.933333MHz,350,340.933333
1434,350__341.066667MHz,350,341.066667
1435,350__341.200000MHz,350,341.2
1436,350__341.333333MHz,350,341.333333
1437,350__341.466667MHz,350,341.466667
1438,350__341.600000MHz,350,341.6
1439,350__341.733333MHz,350,341.733333
1440,350__341.866667MHz,350,341.866667
1441,350__342.000000MHz,350,342.0
1442,350__342.133333MHz,350,342.133333
1443,350__342.266667MHz,350,342.266667
1444,350__342.400000MHz,350,342.4
1445,350__342.533333MHz,350,342.533333
1446,350__342.666667MHz,350,342.666667
1447,350__342.800000MHz,350,342.8
1448,350__342.933333MHz,350,342.933333
1449,350__343.066667MHz,350,343.066667
1450,350__343.200000MHz,350,343.2
1451,350__343.333333MHz,350,343.333333
1452,350__343.466667MHz,350,343.466667
1453,350__343.600000MHz,350,343.6
1454,350__343.733333MHz,350,343.733333
1455,350__343.866667MHz,350,343.866667
1456,350__344.000000MHz,350,344.0
1457,350__344.133333MHz,350,344.133333
1458,350__344.266667MHz,350,344.266667
1459,350__344.400000MHz,350,344.4
1460,350__344.533333MHz,350,344.533333
1461,350__344.666667MHz,350,344.666667
1462,350__344.800000MHz,350,344.8
1463,350__344.933333MHz,350,344.933333
1464,350__345.066667MHz,350,345.066667
1465,350__345.200000MHz,350,345.2
1466,350__345.333333MHz,350,345.333333
1467,350__345.466667MHz,350,345.466667
1468,350__345.600000MHz,350,345.6
1469,350__345.733333MHz,350,345.733333
1470,350__345.866667MHz,350,345.866667
1471,350__346.000000MHz,350,346.0
1472,350__346.133333MHz,350,346.133333
1473,350__346.266667MHz,350,346.266667
1474,350__346.400000MHz,350,346.4
1475,350__346.533333MHz,350,346.533333
1476,350__346.666667MHz,350,346.666667
1477,350__346.800000MHz,350,346.8
1478,350__346.933333MHz,350,346.933333
1479,350__347.066667MHz,350,347.066667
1480,350__347.200000MHz,350,347.2
1481,350__347.333333MHz,350,347.333333
1482,350__347.466667MHz,350,347.466667
1483,350__347.600000MHz,350,347.6
1484,350__347.733333MHz,350,347.733333
1485,350__347.866667MHz,350,347.866667
1486,350__348.000000MHz,350,348.0
1487,350__348.133333MHz,350,348.133333
1488,350__348.266667MHz,350,348.266667
1489,350__348.400000MHz,350,348.4
1490,350__348.533333MHz,350,348.533333
1491,350__348.666667MHz,350,348.666667
1492,350__348.800000MHz,350,348.8
1493,350__348.933333MHz,350,348.933333
1494,350__349.066667MHz,350,349.066667
1495,350__349.200000MHz,350,349.2
1496,350__349.333333MHz,350,349.333333
1497,350__349.466667MHz,350,349.466667
1498,350__349.600000MHz,350,349.6
1499,350__349.733333MHz,350,349.733333
1500,350__349.866667MHz,350,349.866667
1501,350__350.000000MHz,350,350.0
1502,50-150__50.000000MHz,50-150,50.0
1503,50-150__50.133333MHz,50-150,50.133333
1504,50-150__50.266667MHz,50-150,50.266667
1505,50-150__50.400000MHz,50-150,50.4
1506,50-150__50.533333MHz,50-150,50.533333
1507,50-150__50.666667MHz,50-150,50.666667
1508,50-150__50.800000MHz,50-150,50.8
1509,50-150__50.933333MHz,50-150,50.933333
1510,50-150__51.066667MHz,50-150,51.066667
1511,50-150__51.200000MHz,50-150,51.2
1512,50-150__51.333333MHz,50-150,51.333333
1513,50-150__51.466667MHz,50-150,51.466667
1514,50-150__51.600000MHz,50-150,51.6
1515,50-150__51.733333MHz,50-150,51.733333
1516,50-150__51.866667MHz,50-150,51.866667
1517,50-150__52.000000MHz,50-150,52.0
1518,50-150__52.133333MHz,50-150,52.133333
1519,50-150__52.266667MHz,50-150,52.266667
1520,50-150__52.400000MHz,50-150,52.4
1521,50-150__52.533333MHz,50-150,52.533333
1522,50-150__52.666667MHz,50-150,52.666667
1523,50-150__52.800000MHz,50-150,52.8
1524,50-150__52.933333MHz,50-150,52.933333
1525,50-150__53.066667MHz,50-150,53.066667
1526,50-150__53.200000MHz,50-150,53.2
1527,50-150__53.333333MHz,50-150,53.333333
1528,50-150__53.466667MHz,50-150,53.466667
1529,50-150__53.600000MHz,50-150,53.6
1530,50-150__53.733333MHz,50-150,53.733333
1531,50-150__53.866667MHz,50-150,53.866667
1532,50-150__54.000000MHz,50-150,54.0
1533,50-150__54.133333MHz,50-150,54.133333
1534,50-150__54.266667MHz,50-150,54.266667
1535,50-150__54.400000MHz,50-150,54.4
1536,50-150__54.533333MHz,50-150,54.533333
1537,50-150__54.666667MHz,50-150,54.666667
1538,50-150__54.800000MHz,50-150,54.8
1539,50-150__54.933333MHz,50-150,54.933333
1540,50-150__55.066667MHz,50-150,55.066667
1541,50-150__55.200000MHz,50-150,55.2
1542,50-150__55.333333MHz,50-150,55.333333
1543,50-150__55.466667MHz,50-150,55.466667
1544,50-150__55.600000MHz,50-150,55.6
1545,50-150__55.733333MHz,50-150,55.733333
1546,50-150__55.866667MHz,50-150,55.866667
1547,50-150__56.000000MHz,50-150,56.0
1548,50-150__56.133333MHz,50-150,56.133333
1549,50-150__56.266667MHz,50-150,56.266667
1550,50-150__56.400000MHz,50-150,56.4
1551,50-150__56.533333MHz,50-150,56.533333
1552,50-150__56.666667MHz,50-150,56.666667
1553,50-150__56.800000MHz,50-150,56.8
1554,50-150__56.933333MHz,50-150,56.933333
1555,50-150__57.066667MHz,50-150,57.066667
1556,50-150__57.200000MHz,50-150,57.2
1557,50-150__57.333333MHz,50-150,57.333333
1558,50-150__57.466667MHz,50-150,57.466667
1559,50-150__57.600000MHz,50-150,57.6
1560,50-150__57.733333MHz,50-150,57.733333
1561,50-150__57.866667MHz,50-150,57.866667
1562,50-150__58.000000MHz,50-150,58.0
1563,50-150__58.133333MHz,50-150,58.133333
1564,50-150__58.266667MHz,50-150,58.266667
1565,50-150__58.400000MHz,50-150,58.4
1566,50-150__58.533333MHz,50-150,58.533333
1567,50-150__58.666667MHz,50-150,58.666667
1568,50-150__58.800000MHz,50-150,58.8
1569,50-150__58.933333MHz,50-150,58.933333
1570,50-150__59.066667MHz,50-150,59.066667
1571,50-150__59.200000MHz,50-150,59.2
1572,50-150__59.333333MHz,50-150,59.333333
1573,50-150__59.466667MHz,50-150,59.466667
1574,50-150__59.600000MHz,50-150,59.6
1575,50-150__59.733333MHz,50-150,59.733333
1576,50-150__59.866667MHz,50-150,59.866667
1577,50-150__60.000000MHz,50-150,60.0
1578,50-150__60.133333MHz,50-150,60.133333
1579,50-150__60.266667MHz,50-150,60.266667
1580,50-150__60.400000MHz,50-150,60.4
1581,50-150__60.533333MHz,50-150,60.533333
1582,50-150__60.666667MHz,50-150,60.666667
1583,50-150__60.800000MHz,50-150,60.8
1584,50-150__60.933333MHz,50-150,60.933333
1585,50-150__61.066667MHz,50-150,61.066667
1586,50-150__61.200000MHz,50-150,61.2
1587,50-150__61.333333MHz,50-150,61.333333
1588,50-150__61.466667MHz,50-150,61.466667
1589,50-150__61.600000MHz,50-150,61.6
1590,50-150__61.733333MHz,50-150,61.733333
1591,50-150__61.866667MHz,50-150,61.866667
1592,50-150__62.000000MHz,50-150,62.0
1593,50-150__62.133333MHz,50-150,62.133333
1594,50-150__62.266667MHz,50-150,62.266667
1595,50-150__62.400000MHz,50-150,62.4
1596,50-150__62.533333MHz,50-150,62.533333
1597,50-150__62.666667MHz,50-150,62.666667
1598,50-150__62.800000MHz,50-150,62.8
1599,50-150__62.933333MHz,50-150,62.933333
1600,50-150__63.066667MHz,50-150,63.066667
1601,50-150__63.200000MHz,50-150,63.2
1602,50-150__63.333333MHz,50-150,63.333333
1603,50-150__63.466667MHz,50-150,63.466667
1604,50-150__63.600000MHz,50-150,63.6
1605,50-150__63.733333MHz,50-150,63.733333
1606,50-150__63.866667MHz,50-150,63.866667
1607,50-150__64.000000MHz,50-150,64.0
1608,50-150__64.133333MHz,50-150,64.133333
1609,50-150__64.266667MHz,50-150,64.266667
1610,50-150__64.400000MHz,50-150,64.4
1611,50-150__64.533333MHz,50-150,64.533333
1612,50-150__64.666667MHz,50-150,64.666667
1613,50-150__64.800000MHz,50-150,64.8
1614,50-150__64.933333MHz,50-150,64.933333
1615,50-150__65.066667MHz,50-150,65.066667
1616,50-150__65.200000MHz,50-150,65.2
1617,50-150__65.333333MHz,50-150,65.333333
1618,50-150__65.466667MHz,50-150,65.466667
1619,50-150__65.600000MHz,50-150,65.6
1620,50-150__65.733333MHz,50-150,65.733333
1621,50-150__65.866667MHz,50-150,65.866667
1622,50-150__66.000000MHz,50-150,66.0
1623,50-150__66.133333MHz,50-150,66.133333
1624,50-150__66.266667MHz,50-150,66.266667
1625,50-150__66.400000MHz,50-150,66.4
1626,50-150__66.533333MHz,50-150,66.533333
1627,50-150__66.666667MHz,50-150,66.666667
1628,50-150__66.800000MHz,50-150,66.8
1629,50-150__66.933333MHz,50-150,66.933333
1630,50-150__67.066667MHz,50-150,67.066667
1631,50-150__67.200000MHz,50-150,67.2
1632,50-150__67.333333MHz,50-150,67.333333
1633,50-150__67.466667MHz,50-150,67.466667
1634,50-150__67.600000MHz,50-150,67.6
1635,50-150__67.733333MHz,50-150,67.733333
1636,50-150__67.866667MHz,50-150,67.866667
1637,50-150__68.000000MHz,50-150,68.0
1638,50-150__68.133333MHz,50-150,68.133333
1639,50-150__68.266667MHz,50-150,68.266667
1640,50-150__68.400000MHz,50-150,68.4
1641,50-150__68.533333MHz,50-150,68.533333
1642,50-150__68.666667MHz,50-150,68.666667
1643,50-150__68.800000MHz,50-150,68.8
1644,50-150__68.933333MHz,50-150,68.933333
1645,50-150__69.066667MHz,50-150,69.066667
1646,50-150__69.200000MHz,50-150,69.2
1647,50-150__69.333333MHz,50-150,69.333333
1648,50-150__69.466667MHz,50-150,69.466667
1649,50-150__69.600000MHz,50-150,69.6
1650,50-150__69.733333MHz,50-150,69.733333
1651,50-150__69.866667MHz,50-150,69.866667
1652,50-150__70.000000MHz,50-150,70.0
1653,50-150__70.133333MHz,50-150,70.133333
1654,50-150__70.266667MHz,50-150,70.266667
1655,50-150__70.400000MHz,50-150,70.4
1656,50-150__70.533333MHz,50-150,70.533333
1657,50-150__70.666667MHz,50-150,70.666667
1658,50-150__70.800000MHz,50-150,70.8
1659,50-150__70.933333MHz,50-150,70.933333
1660,50-150__71.066667MHz,50-150,71.066667
1661,50-150__71.200000MHz,50-150,71.2
1662,50-150__71.333333MHz,50-150,71.333333
1663,50-150__71.466667MHz,50-150,71.466667
1664,50-150__71.600000MHz,50-150,71.6
1665,50-150__71.733333MHz,50-150,71.733333
1666,50-150__71.866667MHz,50-150,71.866667
1667,50-150__72.000000MHz,50-150,72.0
1668,50-150__72.133333MHz,50-150,72.133333
1669,50-150__72.266667MHz,50-150,72.266667
1670,50-150__72.400000MHz,50-150,72.4
1671,50-150__72.533333MHz,50-150,72.533333
1672,50-150__72.666667MHz,50-150,72.666667
1673,50-150__72.800000MHz,50-150,72.8
1674,50-150__72.933333MHz,50-150,72.933333
1675,50-150__73.066667MHz,50-150,73.066667
1676,50-150__73.200000MHz,50-150,73.2
1677,50-150__73.333333MHz,50-150,73.333333
1678,50-150__73.466667MHz,50-150,73.466667
1679,50-150__73.600000MHz,50-150,73.6
1680,50-150__73.733333MHz,50-150,73.733333
1681,50-150__73.866667MHz,50-150,73.866667
1682,50-150__74.000000MHz,50-150,74.0
1683,50-150__74.133333MHz,50-150,74.133333
1684,50-150__74.266667MHz,50-150,74.266667
1685,50-150__74.400000MHz,50-150,74.4
1686,50-150__74.533333MHz,50-150,74.533333
1687,50-150__74.666667MHz,50-150,74.666667
1688,50-150__74.800000MHz,50-150,74.8
1689,50-150__74.933333MHz,50-150,74.933333
1690,50-150__75.066667MHz,50-150,75.066667
1691,50-150__75.200000MHz,50-150,75.2
1692,50-150__75.333333MHz,50-150,75.333333
1693,50-150__75.466667MHz,50-150,75.466667
1694,50-150__75.600000MHz,50-150,75.6
1695,50-150__75.733333MHz,50-150,75.733333
1696,50-150__75.866667MHz,50-150,75.866667
1697,50-150__76.000000MHz,50-150,76.0
1698,50-150__76.133333MHz,50-150,76.133333
1699,50-150__76.266667MHz,50-150,76.266667
1700,50-150__76.400000MHz,50-150,76.4
1701,50-150__76.533333MHz,50-150,76.533333
1702,50-150__76.666667MHz,50-150,76.666667
1703,50-150__76.800000MHz,50-150,76.8
1704,50-150__76.933333MHz,50-150,76.933333
1705,50-150__77.066667MHz,50-150,77.066667
1706,50-150__77.200000MHz,50-150,77.2
1707,50-150__77.333333MHz,50-150,77.333333
1708,50-150__77.466667MHz,50-150,77.466667
1709,50-150__77.600000MHz,50-150,77.6
1710,50-150__77.733333MHz,50-150,77.733333
1711,50-150__77.866667MHz,50-150,77.866667
1712,50-150__78.000000MHz,50-150,78.0
1713,50-150__78.133333MHz,50-150,78.133333
1714,50-150__78.266667MHz,50-150,78.266667
1715,50-150__78.400000MHz,50-150,78.4
1716,50-150__78.533333MHz,50-150,78.533333
1717,50-150__78.666667MHz,50-150,78.666667
1718,50-150__78.800000MHz,50-150,78.8
1719,50-150__78.933333MHz,50-150,78.933333
1720,50-150__79.066667MHz,50-150,79.066667
1721,50-150__79.200000MHz,50-150,79.2
1722,50-150__79.333333MHz,50-150,79.333333
1723,50-150__79.466667MHz,50-150,79.466667
1724,50-150__79.600000MHz,50-150,79.6
1725,50-150__79.733333MHz,50-150,79.733333
1726,50-150__79.866667MHz,50-150,79.866667
1727,50-150__80.000000MHz,50-150,80.0
1728,50-150__80.133333MHz,50-150,80.133333
1729,50-150__80.266667MHz,50-150,80.266667
1730,50-150__80.400000MHz,50-150,80.4
1731,50-150__80.533333MHz,50-150,80.533333
1732,50-150__80.666667MHz,50-150,80.666667
1733,50-150__80.800000MHz,50-150,80.8
1734,50-150__80.933333MHz,50-150,80.933333
1735,50-150__81.066667MHz,50-150,81.066667
1736,50-150__81.200000MHz,50-150,81.2
1737,50-150__81.333333MHz,50-150,81.333333
1738,50-150__81.466667MHz,50-150,81.466667
1739,50-150__81.600000MHz,50-150,81.6
1740,50-150__81.733333MHz,50-150,81.733333
1741,50-150__81.866667MHz,50-150,81.866667
1742,50-150__82.000000MHz,50-150,82.0
1743,50-150__82.133333MHz,50-150,82.133333
1744,50-150__82.266667MHz,50-150,82.266667
1745,50-150__82.400000MHz,50-150,82.4
1746,50-150__82.533333MHz,50-150,82.533333
1747,50-150__82.666667MHz,50-150,82.666667
1748,50-150__82.800000MHz,50-150,82.8
1749,50-150__82.933333MHz,50-150,82.933333
1750,50-150__83.066667MHz,50-150,83.066667
1751,50-150__83.200000MHz,50-150,83.2
1752,50-150__83.333333MHz,50-150,83.333333
1753,50-150__83.466667MHz,50-150,83.466667
1754,50-150__83.600000MHz,50-150,83.6
1755,50-150__83.733333MHz,50-150,83.733333
1756,50-150__83.866667MHz,50-150,83.866667
1757,50-150__84.000000MHz,50-150,84.0
1758,50-150__84.133333MHz,50-150,84.133333
1759,50-150__84.266667MHz,50-150,84.266667
1760,50-150__84.400000MHz,50-150,84.4
1761,50-150__84.533333MHz,50-150,84.533333
1762,50-150__84.666667MHz,50-150,84.666667
1763,50-150__84.800000MHz,50-150,84.8
1764,50-150__84.933333MHz,50-150,84.933333
1765,50-150__85.066667MHz,50-150,85.066667
1766,50-150__85.200000MHz,50-150,85.2
1767,50-150__85.333333MHz,50-150,85.333333
1768,50-150__85.466667MHz,50-150,85.466667
1769,50-150__85.600000MHz,50-150,85.6
1770,50-150__85.733333MHz,50-150,85.733333
1771,50-150__85.866667MHz,50-150,85.866667
1772,50-150__86.000000MHz,50-150,86.0
1773,50-150__86.133333MHz,50-150,86.133333
1774,50-150__86.266667MHz,50-150,86.266667
1775,50-150__86.400000MHz,50-150,86.4
1776,50-150__86.533333MHz,50-150,86.533333
1777,50-150__86.666667MHz,50-150,86.666667
1778,50-150__86.800000MHz,50-150,86.8
1779,50-150__86.933333MHz,50-150,86.933333
1780,50-150__87.066667MHz,50-150,87.066667
1781,50-150__87.200000MHz,50-150,87.2
1782,50-150__87.333333MHz,50-150,87.333333
1783,50-150__87.466667MHz,50-150,87.466667
1784,50-150__87.600000MHz,50-150,87.6
1785,50-150__87.733333MHz,50-150,87.733333
1786,50-150__87.866667MHz,50-150,87.866667
1787,50-150__88.000000MHz,50-150,88.0
1788,50-150__88.133333MHz,50-150,88.133333
1789,50-150__88.266667MHz,50-150,88.266667
1790,50-150__88.400000MHz,50-150,88.4
1791,50-150__88.533333MHz,50-150,88.533333
1792,50-150__88.666667MHz,50-150,88.666667
1793,50-150__88.800000MHz,50-150,88.8
1794,50-150__88.933333MHz,50-150,88.933333
1795,50-150__89.066667MHz,50-150,89.066667
1796,50-150__89.200000MHz,50-150,89.2
1797,50-150__89.333333MHz,50-150,89.333333
1798,50-150__89.466667MHz,50-150,89.466667
1799,50-150__89.600000MHz,50-150,89.6
1800,50-150__89.733333MHz,50-150,89.733333
1801,50-150__89.866667MHz,50-150,89.866667
1802,50-150__90.000000MHz,50-150,90.0
1803,50-150__90.133333MHz,50-150,90.133333
1804,50-150__90.266667MHz,50-150,90.266667
1805,50-150__90.400000MHz,50-150,90.4
1806,50-150__90.533333MHz,50-150,90.533333
1807,50-150__90.666667MHz,50-150,90.666667
1808,50-150__90.800000MHz,50-150,90.8
1809,50-150__90.933333MHz,50-150,90.933333
1810,50-150__91.066667MHz,50-150,91.066667
1811,50-150__91.200000MHz,50-150,91.2
1812,50-150__91.333333MHz,50-150,91.333333
1813,50-150__91.466667MHz,50-150,91.466667
1814,50-150__91.600000MHz,50-150,91.6
1815,50-150__91.733333MHz,50-150,91.733333
1816,50-150__91.866667MHz,50-150,91.866667
1817,50-150__92.000000MHz,50-150,92.0
1818,50-150__92.133333MHz,50-150,92.133333
1819,50-150__92.266667MHz,50-150,92.266667
1820,50-150__92.400000MHz,50-150,92.4
1821,50-150__92.533333MHz,50-150,92.533333
1822,50-150__92.666667MHz,50-150,92.666667
1823,50-150__92.800000MHz,50-150,92.8
1824,50-150__92.933333MHz,50-150,92.933333
1825,50-150__93.066667MHz,50-150,93.066667
1826,50-150__93.200000MHz,50-150,93.2
1827,50-150__93.333333MHz,50-150,93.333333
1828,50-150__93.466667MHz,50-150,93.466667
1829,50-150__93.600000MHz,50-150,93.6
1830,50-150__93.733333MHz,50-150,93.733333
1831,50-150__93.866667MHz,50-150,93.866667
1832,50-150__94.000000MHz,50-150,94.0
1833,50-150__94.133333MHz,50-150,94.133333
1834,50-150__94.266667MHz,50-150,94.266667
1835,50-150__94.400000MHz,50-150,94.4
1836,50-150__94.533333MHz,50-150,94.533333
1837,50-150__94.666667MHz,50-150,94.666667
1838,50-150__94.800000MHz,50-150,94.8
1839,50-150__94.933333MHz,50-150,94.933333
1840,50-150__95.066667MHz,50-150,95.066667
1841,50-150__95.200000MHz,50-150,95.2
1842,50-150__95.333333MHz,50-150,95.333333
1843,50-150__95.466667MHz,50-150,95.466667
1844,50-150__95.600000MHz,50-150,95.6
1845,50-150__95.733333MHz,50-150,95.733333
1846,50-150__95.866667MHz,50-150,95.866667
1847,50-150__96.000000MHz,50-150,96.0
1848,50-150__96.133333MHz,50-150,96.133333
1849,50-150__96.266667MHz,50-150,96.266667
1850,50-150__96.400000MHz,50-150,96.4
1851,50-150__96.533333MHz,50-150,96.533333
1852,50-150__96.666667MHz,50-150,96.666667
1853,50-150__96.800000MHz,50-150,96.8
1854,50-150__96.933333MHz,50-150,96.933333
1855,50-150__97.066667MHz,50-150,97.066667
1856,50-150__97.200000MHz,50-150,97.2
1857,50-150__97.333333MHz,50-150,97.333333
1858,50-150__97.466667MHz,50-150,97.466667
1859,50-150__97.600000MHz,50-150,97.6
1860,50-150__97.733333MHz,50-150,97.733333
1861,50-150__97.866667MHz,50-150,97.866667
1862,50-150__98.000000MHz,50-150,98.0
1863,50-150__98.133333MHz,50-150,98.133333
1864,50-150__98.266667MHz,50-150,98.266667
1865,50-150__98.400000MHz,50-150,98.4
1866,50-150__98.533333MHz,50-150,98.533333
1867,50-150__98.666667MHz,50-150,98.666667
1868,50-150__98.800000MHz,50-150,98.8
1869,50-150__98.933333MHz,50-150,98.933333
1870,50-150__99.066667MHz,50-150,99.066667
1871,50-150__99.200000MHz,50-150,99.2
1872,50-150__99.333333MHz,50-150,99.333333
1873,50-150__99.466667MHz,50-150,99.466667
1874,50-150__99.600000MHz,50-150,99.6
1875,50-150__99.733333MHz,50-150,99.733333
1876,50-150__99.866667MHz,50-150,99.866667
1877,50-150__100.000000MHz,50-150,100.0
1878,50-150__100.133333MHz,50-150,100.133333
1879,50-150__100.266667MHz,50-150,100.266667
1880,50-150__100.400000MHz,50-150,100.4
1881,50-150__100.533333MHz,50-150,100.533333
1882,50-150__100.666667MHz,50-150,100.666667
1883,50-150__100.800000MHz,50-150,100.8
1884,50-150__100.933333MHz,50-150,100.933333
1885,50-150__101.066667MHz,50-150,101.066667
1886,50-150__101.200000MHz,50-150,101.2
1887,50-150__101.333333MHz,50-150,101.333333
1888,50-150__101.466667MHz,50-150,101.466667
1889,50-150__101.600000MHz,50-150,101.6
1890,50-150__101.733333MHz,50-150,101.733333
1891,50-150__101.866667MHz,50-150,101.866667
1892,50-150__102.000000MHz,50-150,102.0
1893,50-150__102.133333MHz,50-150,102.133333
1894,50-150__102.266667MHz,50-150,102.266667
1895,50-150__102.400000MHz,50-150,102.4
1896,50-150__102.533333MHz,50-150,102.533333
1897,50-150__102.666667MHz,50-150,102.666667
1898,50-150__102.800000MHz,50-150,102.8
1899,50-150__102.933333MHz,50-150,102.933333
1900,50-150__103.066667MHz,50-150,103.066667
1901,50-150__103.200000MHz,50-150,103.2
1902,50-150__103.333333MHz,50-150,103.333333
1903,50-150__103.466667MHz,50-150,103.466667
1904,50-150__103.600000MHz,50-150,103.6
1905,50-150__103.733333MHz,50-150,103.733333
1906,50-150__103.866667MHz,50-150,103.866667
1907,50-150__104.000000MHz,50-150,104.0
1908,50-150__104.133333MHz,50-150,104.133333
1909,50-150__104.266667MHz,50-150,104.266667
1910,50-150__104.400000MHz,50-150,104.4
1911,50-150__104.533333MHz,50-150,104.533333
1912,50-150__104.666667MHz,50-150,104.666667
1913,50-150__104.800000MHz,50-150,104.8
1914,50-150__104.933333MHz,50-150,104.933333
1915,50-150__105.066667MHz,50-150,105.066667
1916,50-150__105.200000MHz,50-150,105.2
1917,50-150__105.333333MHz,50-150,105.333333
1918,50-150__105.466667MHz,50-150,105.466667
1919,50-150__105.600000MHz,50-150,105.6
1920,50-150__105.733333MHz,50-150,105.733333
1921,50-150__105.866667MHz,50-150,105.866667
1922,50-150__106.000000MHz,50-150,106.0
1923,50-150__106.133333MHz,50-150,106.133333
1924,50-150__106.266667MHz,50-150,106.266667
1925,50-150__106.400000MHz,50-150,106.4
1926,50-150__106.533333MHz,50-150,106.533333
1927,50-150__106.666667MHz,50-150,106.666667
1928,50-150__106.800000MHz,50-150,106.8
1929,50-150__106.933333MHz,50-150,106.933333
1930,50-150__107.066667MHz,50-150,107.066667
1931,50-150__107.200000MHz,50-150,107.2
1932,50-150__107.333333MHz,50-150,107.333333
1933,50-150__107.466667MHz,50-150,107.466667
1934,50-150__107.600000MHz,50-150,107.6
1935,50-150__107.733333MHz,50-150,107.733333
1936,50-150__107.866667MHz,50-150,107.866667
1937,50-150__108.000000MHz,50-150,108.0
1938,50-150__108.133333MHz,50-150,108.133333
1939,50-150__108.266667MHz,50-150,108.266667
1940,50-150__108.400000MHz,50-150,108.4
1941,50-150__108.533333MHz,50-150,108.533333
1942,50-150__108.666667MHz,50-150,108.666667
1943,50-150__108.800000MHz,50-150,108.8
1944,50-150__108.933333MHz,50-150,108.933333
1945,50-150__109.066667MHz,50-150,109.066667
1946,50-150__109.200000MHz,50-150,109.2
1947,50-150__109.333333MHz,50-150,109.333333
1948,50-150__109.466667MHz,50-150,109.466667
1949,50-150__109.600000MHz,50-150,109.6
1950,50-150__109.733333MHz,50-150,109.733333
1951,50-150__109.866667MHz,50-150,109.866667
1952,50-150__110.000000MHz,50-150,110.0
1953,50-150__110.133333MHz,50-150,110.133333
1954,50-150__110.266667MHz,50-150,110.266667
1955,50-150__110.400000MHz,50-150,110.4
1956,50-150__110.533333MHz,50-150,110.533333
1957,50-150__110.666667MHz,50-150,110.666667
1958,50-150__110.800000MHz,50-150,110.8
1959,50-150__110.933333MHz,50-150,110.933333
1960,50-150__111.066667MHz,50-150,111.066667
1961,50-150__111.200000MHz,50-150,111.2
1962,50-150__111.333333MHz,50-150,111.333333
1963,50-150__111.466667MHz,50-150,111.466667
1964,50-150__111.600000MHz,50-150,111.6
1965,50-150__111.733333MHz,50-150,111.733333
1966,50-150__111.866667MHz,50-150,111.866667
1967,50-150__112.000000MHz,50-150,112.0
1968,50-150__112.133333MHz,50-150,112.133333
1969,50-150__112.266667MHz,50-150,112.266667
1970,50-150__112.400000MHz,50-150,112.4
1971,50-150__112.533333MHz,50-150,112.533333
1972,50-150__112.666667MHz,50-150,112.666667
1973,50-150__112.800000MHz,50-150,112.8
1974,50-150__112.933333MHz,50-150,112.933333
1975,50-150__113.066667MHz,50-150,113.066667
1976,50-150__113.200000MHz,50-150,113.2
1977,50-150__113.333333MHz,50-150,113.333333
1978,50-150__113.466667MHz,50-150,113.466667
1979,50-150__113.600000MHz,50-150,113.6
1980,50-150__113.733333MHz,50-150,113.733333
1981,50-150__113.866667MHz,50-150,113.866667
1982,50-150__114.000000MHz,50-150,114.0
1983,50-150__114.133333MHz,50-150,114.133333
1984,50-150__114.266667MHz,50-150,114.266667
1985,50-150__114.400000MHz,50-150,114.4
1986,50-150__114.533333MHz,50-150,114.533333
1987,50-150__114.666667MHz,50-150,114.666667
1988,50-150__114.800000MHz,50-150,114.8
1989,50-150__114.933333MHz,50-150,114.933333
1990,50-150__115.066667MHz,50-150,115.066667
1991,50-150__115.200000MHz,50-150,115.2
1992,50-150__115.333333MHz,50-150,115.333333
1993,50-150__115.466667MHz,50-150,115.466667
1994,50-150__115.600000MHz,50-150,115.6
1995,50-150__115.733333MHz,50-150,115.733333
1996,50-150__115.866667MHz,50-150,115.866667
1997,50-150__116.000000MHz,50-150,116.0
1998,50-150__116.133333MHz,50-150,116.133333
1999,50-150__116.266667MHz,50-150,116.266667
2000,50-150__116.400000MHz,50-150,116.4
2001,50-150__116.533333MHz,50-150,116.533333
2002,50-150__116.666667MHz,50-150,116.666667
2003,50-150__116.800000MHz,50-150,116.8
2004,50-150__116.933333MHz,50-150,116.933333
2005,50-150__117.066667MHz,50-150,117.066667
2006,50-150__117.200000MHz,50-150,117.2
2007,50-150__117.333333MHz,50-150,117.333333
2008,50-150__117.466667MHz,50-150,117.466667
2009,50-150__117.600000MHz,50-150,117.6
2010,50-150__117.733333MHz,50-150,117.733333
2011,50-150__117.866667MHz,50-150,117.866667
2012,50-150__118.000000MHz,50-150,118.0
2013,50-150__118.133333MHz,50-150,118.133333
2014,50-150__118.266667MHz,50-150,118.266667
2015,50-150__118.400000MHz,50-150,118.4
2016,50-150__118.533333MHz,50-150,118.533333
2017,50-150__118.666667MHz,50-150,118.666667
2018,50-150__118.800000MHz,50-150,118.8
2019,50-150__118.933333MHz,50-150,118.933333
2020,50-150__119.066667MHz,50-150,119.066667
2021,50-150__119.200000MHz,50-150,119.2
2022,50-150__119.333333MHz,50-150,119.333333
2023,50-150__119.466667MHz,50-150,119.466667
2024,50-150__119.600000MHz,50-150,119.6
2025,50-150__119.733333MHz,50-150,119.733333
2026,50-150__119.866667MHz,50-150,119.866667
2027,50-150__120.000000MHz,50-150,120.0
2028,50-150__120.133333MHz,50-150,120.133333
2029,50-150__120.266667MHz,50-150,120.266667
2030,50-150__120.400000MHz,50-150,120.4
2031,50-150__120.533333MHz,50-150,120.533333
2032,50-150__120.666667MHz,50-150,120.666667
2033,50-150__120.800000MHz,50-150,120.8
2034,50-150__120.933333MHz,50-150,120.933333
2035,50-150__121.066667MHz,50-150,121.066667
2036,50-150__121.200000MHz,50-150,121.2
2037,50-150__121.333333MHz,50-150,121.333333
2038,50-150__121.466667MHz,50-150,121.466667
2039,50-150__121.600000MHz,50-150,121.6
2040,50-150__121.733333MHz,50-150,121.733333
2041,50-150__121.866667MHz,50-150,121.866667
2042,50-150__122.000000MHz,50-150,122.0
2043,50-150__122.133333MHz,50-150,122.133333
2044,50-150__122.266667MHz,50-150,122.266667
2045,50-150__122.400000MHz,50-150,122.4
2046,50-150__122.533333MHz,50-150,122.533333
2047,50-150__122.666667MHz,50-150,122.666667
2048,50-150__122.800000MHz,50-150,122.8
2049,50-150__122.933333MHz,50-150,122.933333
2050,50-150__123.066667MHz,50-150,123.066667
2051,50-150__123.200000MHz,50-150,123.2
2052,50-150__123.333333MHz,50-150,123.333333
2053,50-150__123.466667MHz,50-150,123.466667
2054,50-150__123.600000MHz,50-150,123.6
2055,50-150__123.733333MHz,50-150,123.733333
2056,50-150__123.866667MHz,50-150,123.866667
2057,50-150__124.000000MHz,50-150,124.0
2058,50-150__124.133333MHz,50-150,124.133333
2059,50-150__124.266667MHz,50-150,124.266667
2060,50-150__124.400000MHz,50-150,124.4
2061,50-150__124.533333MHz,50-150,124.533333
2062,50-150__124.666667MHz,50-150,124.666667
2063,50-150__124.800000MHz,50-150,124.8
2064,50-150__124.933333MHz,50-150,124.933333
2065,50-150__125.066667MHz,50-150,125.066667
2066,50-150__125.200000MHz,50-150,125.2
2067,50-150__125.333333MHz,50-150,125.333333
2068,50-150__125.466667MHz,50-150,125.466667
2069,50-150__125.600000MHz,50-150,125.6
2070,50-150__125.733333MHz,50-150,125.733333
2071,50-150__125.866667MHz,50-150,125.866667
2072,50-150__126.000000MHz,50-150,126.0
2073,50-150__126.133333MHz,50-150,126.133333
2074,50-150__126.266667MHz,50-150,126.266667
2075,50-150__126.400000MHz,50-150,126.4
2076,50-150__126.533333MHz,50-150,126.533333
2077,50-150__126.666667MHz,50-150,126.666667
2078,50-150__126.800000MHz,50-150,126.8
2079,50-150__126.933333MHz,50-150,126.933333
2080,50-150__127.066667MHz,50-150,127.066667
2081,50-150__127.200000MHz,50-150,127.2
2082,50-150__127.333333MHz,50-150,127.333333
2083,50-150__127.466667MHz,50-150,127.466667
2084,50-150__127.600000MHz,50-150,127.6
2085,50-150__127.733333MHz,50-150,127.733333
2086,50-150__127.866667MHz,50-150,127.866667
2087,50-150__128.000000MHz,50-150,128.0
2088,50-150__128.133333MHz,50-150,128.133333
2089,50-150__128.266667MHz,50-150,128.266667
2090,50-150__128.400000MHz,50-150,128.4
2091,50-150__128.533333MHz,50-150,128.533333
2092,50-150__128.666667MHz,50-150,128.666667
2093,50-150__128.800000MHz,50-150,128.8
2094,50-150__128.933333MHz,50-150,128.933333
2095,50-150__129.066667MHz,50-150,129.066667
2096,50-150__129.200000MHz,50-150,129.2
2097,50-150__129.333333MHz,50-150,129.333333
2098,50-150__129.466667MHz,50-150,129.466667
2099,50-150__129.600000MHz,50-150,129.6
2100,50-150__129.733333MHz,50-150,129.733333
2101,50-150__129.866667MHz,50-150,129.866667
2102,50-150__130.000000MHz,50-150,130.0
2103,50-150__130.133333MHz,50-150,130.133333
2104,50-150__130.266667MHz,50-150,130.266667
2105,50-150__130.400000MHz,50-150,130.4
2106,50-150__130.533333MHz,50-150,130.533333
2107,50-150__130.666667MHz,50-150,130.666667
2108,50-150__130.800000MHz,50-150,130.8
2109,50-150__130.933333MHz,50-150,130.933333
2110,50-150__131.066667MHz,50-150,131.066667
2111,50-150__131.200000MHz,50-150,131.2
2112,50-150__131.333333MHz,50-150,131.333333
2113,50-150__131.466667MHz,50-150,131.466667
2114,50-150__131.600000MHz,50-150,131.6
2115,50-150__131.733333MHz,50-150,131.733333
2116,50-150__131.866667MHz,50-150,131.866667
2117,50-150__132.000000MHz,50-150,132.0
2118,50-150__132.133333MHz,50-150,132.133333
2119,50-150__132.266667MHz,50-150,132.266667
2120,50-150__132.400000MHz,50-150,132.4
2121,50-150__132.533333MHz,50-150,132.533333
2122,50-150__132.666667MHz,50-150,132.666667
2123,50-150__132.800000MHz,50-150,132.8
2124,50-150__132.933333MHz,50-150,132.933333
2125,50-150__133.066667MHz,50-150,133.066667
2126,50-150__133.200000MHz,50-150,133.2
2127,50-150__133.333333MHz,50-150,133.333333
2128,50-150__133.466667MHz,50-150,133.466667
2129,50-150__133.600000MHz,50-150,133.6
2130,50-150__133.733333MHz,50-150,133.733333
2131,50-150__133.866667MHz,50-150,133.866667
2132,50-150__134.000000MHz,50-150,134.0
2133,50-150__134.133333MHz,50-150,134.133333
2134,50-150__134.266667MHz,50-150,134.266667
2135,50-150__134.400000MHz,50-150,134.4
2136,50-150__134.533333MHz,50-150,134.533333
2137,50-150__134.666667MHz,50-150,134.666667
2138,50-150__134.800000MHz,50-150,134.8
2139,50-150__134.933333MHz,50-150,134.933333
2140,50-150__135.066667MHz,50-150,135.066667
2141,50-150__135.200000MHz,50-150,135.2
2142,50-150__135.333333MHz,50-150,135.333333
2143,50-150__135.466667MHz,50-150,135.466667
2144,50-150__135.600000MHz,50-150,135.6
2145,50-150__135.733333MHz,50-150,135.733333
2146,50-150__135.866667MHz,50-150,135.866667
2147,50-150__136.000000MHz,50-150,136.0
2148,50-150__136.133333MHz,50-150,136.133333
2149,50-150__136.266667MHz,50-150,136.266667
2150,50-150__136.400000MHz,50-150,136.4
2151,50-150__136.533333MHz,50-150,136.533333
2152,50-150__136.666667MHz,50-150,136.666667
2153,50-150__136.800000MHz,50-150,136.8
2154,50-150__136.933333MHz,50-150,136.933333
2155,50-150__137.066667MHz,50-150,137.066667
2156,50-150__137.200000MHz,50-150,137.2
2157,50-150__137.333333MHz,50-150,137.333333
2158,50-150__137.466667MHz,50-150,137.466667
2159,50-150__137.600000MHz,50-150,137.6
2160,50-150__137.733333MHz,50-150,137.733333
2161,50-150__137.866667MHz,50-150,137.866667
2162,50-150__138.000000MHz,50-150,138.0
2163,50-150__138.133333MHz,50-150,138.133333
2164,50-150__138.266667MHz,50-150,138.266667
2165,50-150__138.400000MHz,50-150,138.4
2166,50-150__138.533333MHz,50-150,138.533333
2167,50-150__138.666667MHz,50-150,138.666667
2168,50-150__138.800000MHz,50-150,138.8
2169,50-150__138.933333MHz,50-150,138.933333
2170,50-150__139.066667MHz,50-150,139.066667
2171,50-150__139.200000MHz,50-150,139.2
2172,50-150__139.333333MHz,50-150,139.333333
2173,50-150__139.466667MHz,50-150,139.466667
2174,50-150__139.600000MHz,50-150,139.6
2175,50-150__139.733333MHz,50-150,139.733333
2176,50-150__139.866667MHz,50-150,139.866667
2177,50-150__140.000000MHz,50-150,140.0
2178,50-150__140.133333MHz,50-150,140.133333
2179,50-150__140.266667MHz,50-150,140.266667
2180,50-150__140.400000MHz,50-150,140.4
2181,50-150__140.533333MHz,50-150,140.533333
2182,50-150__140.666667MHz,50-150,140.666667
2183,50-150__140.800000MHz,50-150,140.8
2184,50-150__140.933333MHz,50-150,140.933333
2185,50-150__141.066667MHz,50-150,141.066667
2186,50-150__141.200000MHz,50-150,141.2
2187,50-150__141.333333MHz,50-150,141.333333
2188,50-150__141.466667MHz,50-150,141.466667
2189,50-150__141.600000MHz,50-150,141.6
2190,50-150__141.733333MHz,50-150,141.733333
2191,50-150__141.866667MHz,50-150,141.866667
2192,50-150__142.000000MHz,50-150,142.0
2193,50-150__142.133333MHz,50-150,142.133333
2194,50-150__142.266667MHz,50-150,142.266667
2195,50-150__142.400000MHz,50-150,142.4
2196,50-150__142.533333MHz,50-150,142.533333
2197,50-150__142.666667MHz,50-150,142.666667
2198,50-150__142.800000MHz,50-150,142.8
2199,50-150__142.933333MHz,50-150,142.933333
2200,50-150__143.066667MHz,50-150,143.066667
2201,50-150__143.200000MHz,50-150,143.2
2202,50-150__143.333333MHz,50-150,143.333333
2203,50-150__143.466667MHz,50-150,143.466667
2204,50-150__143.600000MHz,50-150,143.6
2205,50-150__143.733333MHz,50-150,143.733333
2206,50-150__143.866667MHz,50-150,143.866667
2207,50-150__144.000000MHz,50-150,144.0
2208,50-150__144.133333MHz,50-150,144.133333
2209,50-150__144.266667MHz,50-150,144.266667
2210,50-150__144.400000MHz,50-150,144.4
2211,50-150__144.533333MHz,50-150,144.533333
2212,50-150__144.666667MHz,50-150,144.666667
2213,50-150__144.800000MHz,50-150,144.8
2214,50-150__144.933333MHz,50-150,144.933333
2215,50-150__145.066667MHz,50-150,145.066667
2216,50-150__145.200000MHz,50-150,145.2
2217,50-150__145.333333MHz,50-150,145.333333
2218,50-150__145.466667MHz,50-150,145.466667
2219,50-150__145.600000MHz,50-150,145.6
2220,50-150__145.733333MHz,50-150,145.733333
2221,50-150__145.866667MHz,50-150,145.866667
2222,50-150__146.000000MHz,50-150,146.0
2223,50-150__146.133333MHz,50-150,146.133333
2224,50-150__146.266667MHz,50-150,146.266667
2225,50-150__146.400000MHz,50-150,146.4
2226,50-150__146.533333MHz,50-150,146.533333
2227,50-150__146.666667MHz,50-150,146.666667
2228,50-150__146.800000MHz,50-150,146.8
2229,50-150__146.933333MHz,50-150,146.933333
2230,50-150__147.066667MHz,50-150,147.066667
2231,50-150__147.200000MHz,50-150,147.2
2232,50-150__147.333333MHz,50-150,147.333333
2233,50-150__147.466667MHz,50-150,147.466667
2234,50-150__147.600000MHz,50-150,147.6
2235,50-150__147.733333MHz,50-150,147.733333
2236,50-150__147.866667MHz,50-150,147.866667
2237,50-150__148.000000MHz,50-150,148.0
2238,50-150__148.133333MHz,50-150,148.133333
2239,50-150__148.266667MHz,50-150,148.266667
2240,50-150__148.400000MHz,50-150,148.4
2241,50-150__148.533333MHz,50-150,148.533333
2242,50-150__148.666667MHz,50-150,148.666667
2243,50-150__148.800000MHz,50-150,148.8
2244,50-150__148.933333MHz,50-150,148.933333
2245,50-150__149.066667MHz,50-150,149.066667
2246,50-150__149.200000MHz,50-150,149.2
2247,50-150__149.333333MHz,50-150,149.333333
2248,50-150__149.466667MHz,50-150,149.466667
2249,50-150__149.600000MHz,50-150,149.6
2250,50-150__149.733333MHz,50-150,149.733333
2251,50-150__149.866667MHz,50-150,149.866667
2252,50-150__150.000000MHz,50-150,150.0
