captured_at,raw_file,trace,source_byte_count,parsed_points,status,error
2026-05-27T15:05:01.354,000001_20260527_150501_354_trace1.csv,1,3005,751,ok,
2026-05-27T15:05:06.354,000002_20260527_150506_354_trace1.csv,1,3005,751,ok,
2026-05-27T15:05:11.366,000003_20260527_150511_366_trace1.csv,1,3005,751,ok,
2026-05-27T15:05:16.364,000004_20260527_150516_364_trace1.csv,1,3005,751,ok,
2026-05-27T15:05:21.371,000005_20260527_150521_371_trace1.csv,1,3005,751,ok,
2026-05-27T15:05:26.374,000006_20260527_150526_374_trace1.csv,1,3005,751,ok,
2026-05-27T15:05:31.358,000007_20260527_150531_358_trace1.csv,1,3005,751,ok,
2026-05-27T15:05:36.354,000008_20260527_150536_354_trace1.csv,1,3005,751,ok,
2026-05-27T15:05:41.357,000009_20260527_150541_357_trace1.csv,1,3005,751,ok,
2026-05-27T15:05:46.367,000010_20260527_150546_367_trace1.csv,1,3005,751,ok,
2026-05-27T15:05:51.371,000011_20260527_150551_371_trace1.csv,1,3005,751,ok,
2026-05-27T15:05:56.363,000012_20260527_150556_363_trace1.csv,1,3005,751,ok,
2026-05-27T15:06:01.369,000013_20260527_150601_369_trace1.csv,1,3005,751,ok,
2026-05-27T15:06:06.351,000014_20260527_150606_351_trace1.csv,1,3005,751,ok,
2026-05-27T15:06:11.356,000015_20260527_150611_356_trace1.csv,1,3005,751,ok,
2026-05-27T15:06:16.360,000016_20260527_150616_360_trace1.csv,1,3005,751,ok,
2026-05-27T15:06:21.357,000017_20260527_150621_357_trace1.csv,1,3005,751,ok,
2026-05-27T15:06:26.353,000018_20260527_150626_353_trace1.csv,1,3005,751,ok,
2026-05-27T15:06:31.354,000019_20260527_150631_354_trace1.csv,1,3005,751,ok,
2026-05-27T15:06:36.367,000020_20260527_150636_367_trace1.csv,1,3005,751,ok,
2026-05-27T15:06:41.364,000021_20260527_150641_364_trace1.csv,1,3005,751,ok,
2026-05-27T15:06:46.366,000022_20260527_150646_366_trace1.csv,1,3005,751,ok,
2026-05-27T15:06:51.362,000023_20260527_150651_362_trace1.csv,1,3005,751,ok,
2026-05-27T15:06:56.367,000024_20260527_150656_367_trace1.csv,1,3005,751,ok,
2026-05-27T15:07:01.363,000025_20260527_150701_363_trace1.csv,1,3005,751,ok,
2026-05-27T15:07:06.357,000026_20260527_150706_357_trace1.csv,1,3005,751,ok,
2026-05-27T15:07:11.352,000027_20260527_150711_352_trace1.csv,1,3005,751,ok,
2026-05-27T15:07:16.363,000028_20260527_150716_363_trace1.csv,1,3005,751,ok,
2026-05-27T15:07:21.371,000029_20260527_150721_371_trace1.csv,1,3005,751,ok,
2026-05-27T15:07:26.352,000030_20260527_150726_352_trace1.csv,1,3005,751,ok,
2026-05-27T15:07:31.351,000031_20260527_150731_351_trace1.csv,1,3005,751,ok,
2026-05-27T15:07:36.367,000032_20260527_150736_367_trace1.csv,1,3005,751,ok,
2026-05-27T15:07:41.360,000033_20260527_150741_360_trace1.csv,1,3005,751,ok,
2026-05-27T15:07:46.358,000034_20260527_150746_358_trace1.csv,1,3005,751,ok,
2026-05-27T15:07:51.357,000035_20260527_150751_357_trace1.csv,1,3005,751,ok,
2026-05-27T15:07:56.354,000036_20260527_150756_354_trace1.csv,1,3005,751,ok,
2026-05-27T15:08:01.363,000037_20260527_150801_363_trace1.csv,1,3005,751,ok,
2026-05-27T15:08:06.360,000038_20260527_150806_360_trace1.csv,1,3005,751,ok,
2026-05-27T15:08:11.358,000039_20260527_150811_358_trace1.csv,1,3005,751,ok,
2026-05-27T15:08:16.361,000040_20260527_150816_361_trace1.csv,1,3005,751,ok,
2026-05-27T15:08:21.353,000041_20260527_150821_353_trace1.csv,1,3005,751,ok,
2026-05-27T15:08:26.352,000042_20260527_150826_352_trace1.csv,1,3005,751,ok,
2026-05-27T15:08:31.362,000043_20260527_150831_362_trace1.csv,1,3005,751,ok,
2026-05-27T15:08:36.363,000044_20260527_150836_363_trace1.csv,1,3005,751,ok,
2026-05-27T15:08:41.360,000045_20260527_150841_360_trace1.csv,1,3005,751,ok,
2026-05-27T15:08:46.356,000046_20260527_150846_356_trace1.csv,1,3005,751,ok,
2026-05-27T15:08:51.357,000047_20260527_150851_357_trace1.csv,1,3005,751,ok,
2026-05-27T15:08:56.351,000048_20260527_150856_351_trace1.csv,1,3005,751,ok,
2026-05-27T15:09:01.351,000049_20260527_150901_351_trace1.csv,1,3005,751,ok,
2026-05-27T15:09:06.351,000050_20260527_150906_351_trace1.csv,1,3005,751,ok,
2026-05-27T15:09:11.349,000051_20260527_150911_349_trace1.csv,1,3005,751,ok,
2026-05-27T15:09:16.366,000052_20260527_150916_366_trace1.csv,1,3005,751,ok,
2026-05-27T15:09:21.359,000053_20260527_150921_359_trace1.csv,1,3005,751,ok,
2026-05-27T15:09:26.364,000054_20260527_150926_364_trace1.csv,1,3005,751,ok,
2026-05-27T15:09:31.368,000055_20260527_150931_368_trace1.csv,1,3005,751,ok,
2026-05-27T15:09:36.360,000056_20260527_150936_360_trace1.csv,1,3005,751,ok,
2026-05-27T15:09:41.362,000057_20260527_150941_362_trace1.csv,1,3005,751,ok,
2026-05-27T15:09:46.367,000058_20260527_150946_367_trace1.csv,1,3005,751,ok,
2026-05-27T15:09:51.353,000059_20260527_150951_353_trace1.csv,1,3005,751,ok,
2026-05-27T15:09:56.364,000060_20260527_150956_364_trace1.csv,1,3005,751,ok,
2026-05-27T15:10:01.349,000061_20260527_151001_349_trace1.csv,1,3005,751,ok,
2026-05-27T15:10:06.347,000062_20260527_151006_347_trace1.csv,1,3005,751,ok,
2026-05-27T15:10:11.347,000063_20260527_151011_347_trace1.csv,1,3005,751,ok,
2026-05-27T15:10:16.344,000064_20260527_151016_344_trace1.csv,1,3005,751,ok,
2026-05-27T15:10:21.360,000065_20260527_151021_360_trace1.csv,1,3005,751,ok,
2026-05-27T15:10:26.363,000066_20260527_151026_363_trace1.csv,1,3005,751,ok,
2026-05-27T15:10:31.346,000067_20260527_151031_346_trace1.csv,1,3005,751,ok,
2026-05-27T15:10:36.368,000068_20260527_151036_368_trace1.csv,1,3005,751,ok,
2026-05-27T15:10:41.365,000069_20260527_151041_365_trace1.csv,1,3005,751,ok,
2026-05-27T15:10:46.343,000070_20260527_151046_343_trace1.csv,1,3005,751,ok,
2026-05-27T15:10:51.365,000071_20260527_151051_365_trace1.csv,1,3005,751,ok,
2026-05-27T15:10:56.352,000072_20260527_151056_352_trace1.csv,1,3005,751,ok,
2026-05-27T15:11:01.353,000073_20260527_151101_353_trace1.csv,1,3005,751,ok,
2026-05-27T15:11:06.368,000074_20260527_151106_368_trace1.csv,1,3005,751,ok,
2026-05-27T15:11:11.351,000075_20260527_151111_351_trace1.csv,1,3005,751,ok,
2026-05-27T15:11:16.358,000076_20260527_151116_358_trace1.csv,1,3005,751,ok,
2026-05-27T15:11:21.355,000077_20260527_151121_355_trace1.csv,1,3005,751,ok,
2026-05-27T15:11:26.349,000078_20260527_151126_349_trace1.csv,1,3005,751,ok,
2026-05-27T15:11:31.361,000079_20260527_151131_361_trace1.csv,1,3005,751,ok,
2026-05-27T15:11:36.340,000080_20260527_151136_340_trace1.csv,1,3005,751,ok,
2026-05-27T15:11:41.354,000081_20260527_151141_354_trace1.csv,1,3005,751,ok,
2026-05-27T15:11:46.354,000082_20260527_151146_354_trace1.csv,1,3005,751,ok,
2026-05-27T15:11:51.344,000083_20260527_151151_344_trace1.csv,1,3005,751,ok,
2026-05-27T15:11:56.349,000084_20260527_151156_349_trace1.csv,1,3005,751,ok,
2026-05-27T15:12:01.344,000085_20260527_151201_344_trace1.csv,1,3005,751,ok,
2026-05-27T15:12:06.340,000086_20260527_151206_340_trace1.csv,1,3005,751,ok,
2026-05-27T15:12:11.362,000087_20260527_151211_362_trace1.csv,1,3005,751,ok,
2026-05-27T15:12:16.342,000088_20260527_151216_342_trace1.csv,1,3005,751,ok,
2026-05-27T15:12:21.343,000089_20260527_151221_343_trace1.csv,1,3005,751,ok,
2026-05-27T15:12:26.361,000090_20260527_151226_361_trace1.csv,1,3005,751,ok,
2026-05-27T15:12:31.339,000091_20260527_151231_339_trace1.csv,1,3005,750,ok,
2026-05-27T15:12:36.360,000092_20260527_151236_360_trace1.csv,1,3005,751,ok,
2026-05-27T15:12:41.358,000093_20260527_151241_358_trace1.csv,1,3005,751,ok,
2026-05-27T15:12:46.357,000094_20260527_151246_357_trace1.csv,1,3005,751,ok,
2026-05-27T15:12:51.356,000095_20260527_151251_356_trace1.csv,1,3005,751,ok,
2026-05-27T15:12:56.358,000096_20260527_151256_358_trace1.csv,1,3005,750,ok,
2026-05-27T15:13:01.354,000097_20260527_151301_354_trace1.csv,1,3005,751,ok,
2026-05-27T15:13:06.344,000098_20260527_151306_344_trace1.csv,1,3005,750,ok,
2026-05-27T15:13:11.347,000099_20260527_151311_347_trace1.csv,1,3005,751,ok,
2026-05-27T15:13:16.346,000100_20260527_151316_346_trace1.csv,1,3005,751,ok,
2026-05-27T15:13:21.342,000101_20260527_151321_342_trace1.csv,1,3005,751,ok,
2026-05-27T15:13:26.354,000102_20260527_151326_354_trace1.csv,1,3005,751,ok,
2026-05-27T15:13:31.351,000103_20260527_151331_351_trace1.csv,1,3005,751,ok,
2026-05-27T15:13:36.360,000104_20260527_151336_360_trace1.csv,1,3005,751,ok,
2026-05-27T15:13:41.341,000105_20260527_151341_341_trace1.csv,1,3005,751,ok,
2026-05-27T15:13:46.360,000106_20260527_151346_360_trace1.csv,1,3005,751,ok,
2026-05-27T15:13:51.353,000107_20260527_151351_353_trace1.csv,1,3005,751,ok,
2026-05-27T15:13:56.361,000108_20260527_151356_361_trace1.csv,1,3005,751,ok,
2026-05-27T15:14:01.351,000109_20260527_151401_351_trace1.csv,1,3005,751,ok,
2026-05-27T15:14:06.347,000110_20260527_151406_347_trace1.csv,1,3005,751,ok,
2026-05-27T15:14:11.358,000111_20260527_151411_358_trace1.csv,1,3005,751,ok,
2026-05-27T15:14:16.351,000112_20260527_151416_351_trace1.csv,1,3005,751,ok,
2026-05-27T15:14:21.359,000113_20260527_151421_359_trace1.csv,1,3005,751,ok,
2026-05-27T15:14:26.356,000114_20260527_151426_356_trace1.csv,1,3005,751,ok,
2026-05-27T15:14:31.364,000115_20260527_151431_364_trace1.csv,1,3005,751,ok,
2026-05-27T15:14:36.358,000116_20260527_151436_358_trace1.csv,1,3005,751,ok,
2026-05-27T15:14:41.356,000117_20260527_151441_356_trace1.csv,1,3005,751,ok,
2026-05-27T15:14:46.341,000118_20260527_151446_341_trace1.csv,1,3005,751,ok,
2026-05-27T15:14:51.337,000119_20260527_151451_337_trace1.csv,1,3005,751,ok,
2026-05-27T15:14:56.353,000120_20260527_151456_353_trace1.csv,1,3005,751,ok,
2026-05-27T15:15:01.347,000121_20260527_151501_347_trace1.csv,1,3005,751,ok,
2026-05-27T15:15:06.351,000122_20260527_151506_351_trace1.csv,1,3005,751,ok,
2026-05-27T15:15:11.347,000123_20260527_151511_347_trace1.csv,1,3005,751,ok,
2026-05-27T15:15:16.357,000124_20260527_151516_357_trace1.csv,1,3005,750,ok,
2026-05-27T15:15:21.353,000125_20260527_151521_353_trace1.csv,1,3005,751,ok,
2026-05-27T15:15:26.342,000126_20260527_151526_342_trace1.csv,1,3005,751,ok,
2026-05-27T15:15:31.344,000127_20260527_151531_344_trace1.csv,1,3005,751,ok,
2026-05-27T15:15:36.346,000128_20260527_151536_346_trace1.csv,1,3005,751,ok,
2026-05-27T15:15:41.343,000129_20260527_151541_343_trace1.csv,1,3005,751,ok,
2026-05-27T15:15:46.352,000130_20260527_151546_352_trace1.csv,1,3005,751,ok,
2026-05-27T15:15:51.358,000131_20260527_151551_358_trace1.csv,1,3005,751,ok,
2026-05-27T15:15:56.348,000132_20260527_151556_348_trace1.csv,1,3005,750,ok,
2026-05-27T15:16:01.336,000133_20260527_151601_336_trace1.csv,1,3005,751,ok,
2026-05-27T15:16:06.337,000134_20260527_151606_337_trace1.csv,1,3005,751,ok,
2026-05-27T15:16:11.343,000135_20260527_151611_343_trace1.csv,1,3005,751,ok,
2026-05-27T15:16:16.346,000136_20260527_151616_346_trace1.csv,1,3005,751,ok,
2026-05-27T15:16:21.345,000137_20260527_151621_345_trace1.csv,1,3005,751,ok,
2026-05-27T15:16:26.340,000138_20260527_151626_340_trace1.csv,1,3005,751,ok,
2026-05-27T15:16:31.357,000139_20260527_151631_357_trace1.csv,1,3005,751,ok,
2026-05-27T15:16:36.337,000140_20260527_151636_337_trace1.csv,1,3005,751,ok,
2026-05-27T15:16:41.342,000141_20260527_151641_342_trace1.csv,1,3005,751,ok,
2026-05-27T15:16:46.339,000142_20260527_151646_339_trace1.csv,1,3005,751,ok,
2026-05-27T15:16:51.348,000143_20260527_151651_348_trace1.csv,1,3005,751,ok,
2026-05-27T15:16:56.345,000144_20260527_151656_345_trace1.csv,1,3005,751,ok,
2026-05-27T15:17:01.348,000145_20260527_151701_348_trace1.csv,1,3005,751,ok,
2026-05-27T15:17:06.348,000146_20260527_151706_348_trace1.csv,1,3005,751,ok,
2026-05-27T15:17:11.351,000147_20260527_151711_351_trace1.csv,1,3005,751,ok,
2026-05-27T15:17:16.342,000148_20260527_151716_342_trace1.csv,1,3005,751,ok,
2026-05-27T15:17:21.350,000149_20260527_151721_350_trace1.csv,1,3005,751,ok,
2026-05-27T15:17:26.354,000150_20260527_151726_354_trace1.csv,1,3005,751,ok,
2026-05-27T15:17:31.339,000151_20260527_151731_339_trace1.csv,1,3005,751,ok,
2026-05-27T15:17:36.341,000152_20260527_151736_341_trace1.csv,1,3005,751,ok,
2026-05-27T15:17:41.358,000153_20260527_151741_358_trace1.csv,1,3005,751,ok,
2026-05-27T15:17:46.341,000154_20260527_151746_341_trace1.csv,1,3005,751,ok,
2026-05-27T15:17:51.335,000155_20260527_151751_335_trace1.csv,1,3005,751,ok,
2026-05-27T15:17:56.351,000156_20260527_151756_351_trace1.csv,1,3005,751,ok,
2026-05-27T15:18:01.350,000157_20260527_151801_350_trace1.csv,1,3005,751,ok,
2026-05-27T15:18:06.346,000158_20260527_151806_346_trace1.csv,1,3005,751,ok,
2026-05-27T15:18:11.342,000159_20260527_151811_342_trace1.csv,1,3005,751,ok,
2026-05-27T15:18:16.346,000160_20260527_151816_346_trace1.csv,1,3005,751,ok,
2026-05-27T15:18:21.353,000161_20260527_151821_353_trace1.csv,1,3005,751,ok,
2026-05-27T15:18:26.336,000162_20260527_151826_336_trace1.csv,1,3005,751,ok,
2026-05-27T15:18:31.340,000163_20260527_151831_340_trace1.csv,1,3005,751,ok,
2026-05-27T15:18:36.347,000164_20260527_151836_347_trace1.csv,1,3005,751,ok,
2026-05-27T15:18:41.345,000165_20260527_151841_345_trace1.csv,1,3005,751,ok,
2026-05-27T15:18:46.346,000166_20260527_151846_346_trace1.csv,1,3005,751,ok,
2026-05-27T15:18:51.345,000167_20260527_151851_345_trace1.csv,1,3005,751,ok,
2026-05-27T15:18:56.353,000168_20260527_151856_353_trace1.csv,1,3005,751,ok,
2026-05-27T15:19:01.345,000169_20260527_151901_345_trace1.csv,1,3005,751,ok,
2026-05-27T15:19:06.340,000170_20260527_151906_340_trace1.csv,1,3005,751,ok,
2026-05-27T15:19:11.344,000171_20260527_151911_344_trace1.csv,1,3005,750,ok,
2026-05-27T15:19:16.347,000172_20260527_151916_347_trace1.csv,1,3005,751,ok,
2026-05-27T15:19:21.344,000173_20260527_151921_344_trace1.csv,1,3005,751,ok,
2026-05-27T15:19:26.342,000174_20260527_151926_342_trace1.csv,1,3005,751,ok,
2026-05-27T15:19:31.337,000175_20260527_151931_337_trace1.csv,1,3005,750,ok,
2026-05-27T15:19:36.341,000176_20260527_151936_341_trace1.csv,1,3005,751,ok,
2026-05-27T15:19:41.337,000177_20260527_151941_337_trace1.csv,1,3005,751,ok,
2026-05-27T15:19:46.341,000178_20260527_151946_341_trace1.csv,1,3005,751,ok,
2026-05-27T15:19:51.341,000179_20260527_151951_341_trace1.csv,1,3005,751,ok,
2026-05-27T15:19:56.337,000180_20260527_151956_337_trace1.csv,1,3005,751,ok,
2026-05-27T15:20:01.331,000181_20260527_152001_331_trace1.csv,1,3005,751,ok,
2026-05-27T15:20:06.352,000182_20260527_152006_352_trace1.csv,1,3005,751,ok,
2026-05-27T15:20:11.339,000183_20260527_152011_339_trace1.csv,1,3005,751,ok,
2026-05-27T15:20:16.346,000184_20260527_152016_346_trace1.csv,1,3005,751,ok,
2026-05-27T15:20:21.342,000185_20260527_152021_342_trace1.csv,1,3005,751,ok,
2026-05-27T15:20:26.336,000186_20260527_152026_336_trace1.csv,1,3005,751,ok,
2026-05-27T15:20:31.335,000187_20260527_152031_335_trace1.csv,1,3005,751,ok,
2026-05-27T15:20:36.339,000188_20260527_152036_339_trace1.csv,1,3005,751,ok,
2026-05-27T15:20:41.348,000189_20260527_152041_348_trace1.csv,1,3005,751,ok,
2026-05-27T15:20:46.331,000190_20260527_152046_331_trace1.csv,1,3005,751,ok,
2026-05-27T15:20:51.346,000191_20260527_152051_346_trace1.csv,1,3005,751,ok,
2026-05-27T15:20:56.338,000192_20260527_152056_338_trace1.csv,1,3005,751,ok,
2026-05-27T15:21:01.337,000193_20260527_152101_337_trace1.csv,1,3005,751,ok,
2026-05-27T15:21:06.345,000194_20260527_152106_345_trace1.csv,1,3005,751,ok,
2026-05-27T15:21:11.341,000195_20260527_152111_341_trace1.csv,1,3005,751,ok,
2026-05-27T15:21:16.346,000196_20260527_152116_346_trace1.csv,1,3005,751,ok,
2026-05-27T15:21:21.333,000197_20260527_152121_333_trace1.csv,1,3005,751,ok,
2026-05-27T15:21:26.335,000198_20260527_152126_335_trace1.csv,1,3005,751,ok,
2026-05-27T15:21:31.342,000199_20260527_152131_342_trace1.csv,1,3005,751,ok,
2026-05-27T15:21:36.351,000200_20260527_152136_351_trace1.csv,1,3005,751,ok,
2026-05-27T15:21:41.344,000201_20260527_152141_344_trace1.csv,1,3005,751,ok,
2026-05-27T15:21:46.354,000202_20260527_152146_354_trace1.csv,1,3005,751,ok,
2026-05-27T15:21:51.347,000203_20260527_152151_347_trace1.csv,1,3005,751,ok,
2026-05-27T15:21:56.340,000204_20260527_152156_340_trace1.csv,1,3005,751,ok,
2026-05-27T15:22:01.339,000205_20260527_152201_339_trace1.csv,1,3005,751,ok,
2026-05-27T15:22:06.344,000206_20260527_152206_344_trace1.csv,1,3005,751,ok,
2026-05-27T15:22:11.334,000207_20260527_152211_334_trace1.csv,1,3005,751,ok,
2026-05-27T15:22:16.334,000208_20260527_152216_334_trace1.csv,1,3005,751,ok,
2026-05-27T15:22:21.338,000209_20260527_152221_338_trace1.csv,1,3005,751,ok,
2026-05-27T15:22:26.345,000210_20260527_152226_345_trace1.csv,1,3005,751,ok,
2026-05-27T15:22:31.347,000211_20260527_152231_347_trace1.csv,1,3005,751,ok,
2026-05-27T15:22:36.333,000212_20260527_152236_333_trace1.csv,1,3005,751,ok,
2026-05-27T15:22:41.335,000213_20260527_152241_335_trace1.csv,1,3005,751,ok,
2026-05-27T15:22:46.329,000214_20260527_152246_329_trace1.csv,1,3005,751,ok,
2026-05-27T15:22:51.343,000215_20260527_152251_343_trace1.csv,1,3005,751,ok,
2026-05-27T15:22:56.330,000216_20260527_152256_330_trace1.csv,1,3005,751,ok,
2026-05-27T15:23:01.328,000217_20260527_152301_328_trace1.csv,1,3005,751,ok,
2026-05-27T15:23:06.345,000218_20260527_152306_345_trace1.csv,1,3005,751,ok,
2026-05-27T15:23:11.336,000219_20260527_152311_336_trace1.csv,1,3005,751,ok,
2026-05-27T15:23:16.342,000220_20260527_152316_342_trace1.csv,1,3005,751,ok,
2026-05-27T15:23:21.349,000221_20260527_152321_349_trace1.csv,1,3005,751,ok,
2026-05-27T15:23:26.338,000222_20260527_152326_338_trace1.csv,1,3005,751,ok,
2026-05-27T15:23:31.341,000223_20260527_152331_341_trace1.csv,1,3005,751,ok,
2026-05-27T15:23:36.337,000224_20260527_152336_337_trace1.csv,1,3005,751,ok,
2026-05-27T15:23:41.330,000225_20260527_152341_330_trace1.csv,1,3005,751,ok,
2026-05-27T15:23:46.332,000226_20260527_152346_332_trace1.csv,1,3005,751,ok,
2026-05-27T15:23:51.329,000227_20260527_152351_329_trace1.csv,1,3005,751,ok,
2026-05-27T15:23:56.337,000228_20260527_152356_337_trace1.csv,1,3005,751,ok,
2026-05-27T15:24:01.337,000229_20260527_152401_337_trace1.csv,1,3005,751,ok,
2026-05-27T15:24:06.348,000230_20260527_152406_348_trace1.csv,1,3005,751,ok,
2026-05-27T15:24:11.335,000231_20260527_152411_335_trace1.csv,1,3005,751,ok,
2026-05-27T15:24:16.332,000232_20260527_152416_332_trace1.csv,1,3005,751,ok,
2026-05-27T15:24:21.336,000233_20260527_152421_336_trace1.csv,1,3005,751,ok,
2026-05-27T15:24:26.343,000234_20260527_152426_343_trace1.csv,1,3005,751,ok,
2026-05-27T15:24:31.329,000235_20260527_152431_329_trace1.csv,1,3005,751,ok,
2026-05-27T15:24:36.335,000236_20260527_152436_335_trace1.csv,1,3005,751,ok,
2026-05-27T15:24:41.338,000237_20260527_152441_338_trace1.csv,1,3005,751,ok,
2026-05-27T15:24:46.334,000238_20260527_152446_334_trace1.csv,1,3005,751,ok,
2026-05-27T15:24:51.343,000239_20260527_152451_343_trace1.csv,1,3005,751,ok,
2026-05-27T15:24:56.323,000240_20260527_152456_323_trace1.csv,1,3005,751,ok,
2026-05-27T15:25:01.341,000241_20260527_152501_341_trace1.csv,1,3005,751,ok,
2026-05-27T15:25:06.340,000242_20260527_152506_340_trace1.csv,1,3005,751,ok,
2026-05-27T15:25:11.337,000243_20260527_152511_337_trace1.csv,1,3005,751,ok,
2026-05-27T15:25:16.347,000244_20260527_152516_347_trace1.csv,1,3005,751,ok,
2026-05-27T15:25:21.340,000245_20260527_152521_340_trace1.csv,1,3005,751,ok,
2026-05-27T15:25:26.342,000246_20260527_152526_342_trace1.csv,1,3005,751,ok,
2026-05-27T15:25:31.341,000247_20260527_152531_341_trace1.csv,1,3005,751,ok,
2026-05-27T15:25:36.336,000248_20260527_152536_336_trace1.csv,1,3005,751,ok,
2026-05-27T15:25:41.334,000249_20260527_152541_334_trace1.csv,1,3005,751,ok,
2026-05-27T15:25:46.343,000250_20260527_152546_343_trace1.csv,1,3005,751,ok,
2026-05-27T15:25:51.334,000251_20260527_152551_334_trace1.csv,1,3005,751,ok,
2026-05-27T15:25:56.334,000252_20260527_152556_334_trace1.csv,1,3005,751,ok,
2026-05-27T15:26:01.335,000253_20260527_152601_335_trace1.csv,1,3005,751,ok,
2026-05-27T15:26:06.341,000254_20260527_152606_341_trace1.csv,1,3005,751,ok,
2026-05-27T15:26:11.329,000255_20260527_152611_329_trace1.csv,1,3005,751,ok,
2026-05-27T15:26:16.326,000256_20260527_152616_326_trace1.csv,1,3005,751,ok,
2026-05-27T15:26:21.338,000257_20260527_152621_338_trace1.csv,1,3005,751,ok,
2026-05-27T15:26:26.339,000258_20260527_152626_339_trace1.csv,1,3005,751,ok,
2026-05-27T15:26:31.337,000259_20260527_152631_337_trace1.csv,1,3005,751,ok,
2026-05-27T15:26:36.344,000260_20260527_152636_344_trace1.csv,1,3005,751,ok,
2026-05-27T15:26:41.332,000261_20260527_152641_332_trace1.csv,1,3005,751,ok,
2026-05-27T15:26:46.332,000262_20260527_152646_332_trace1.csv,1,3005,751,ok,
2026-05-27T15:26:51.336,000263_20260527_152651_336_trace1.csv,1,3005,751,ok,
2026-05-27T15:26:56.330,000264_20260527_152656_330_trace1.csv,1,3005,751,ok,
2026-05-27T15:27:01.330,000265_20260527_152701_330_trace1.csv,1,3005,751,ok,
2026-05-27T15:27:06.323,000266_20260527_152706_323_trace1.csv,1,3005,751,ok,
2026-05-27T15:27:11.320,000267_20260527_152711_320_trace1.csv,1,3005,751,ok,
2026-05-27T15:27:16.340,000268_20260527_152716_340_trace1.csv,1,3005,751,ok,
2026-05-27T15:27:21.322,000269_20260527_152721_322_trace1.csv,1,3005,751,ok,
2026-05-27T15:27:26.338,000270_20260527_152726_338_trace1.csv,1,3005,751,ok,
2026-05-27T15:27:31.340,000271_20260527_152731_340_trace1.csv,1,3005,751,ok,
2026-05-27T15:27:36.332,000272_20260527_152736_332_trace1.csv,1,3005,751,ok,
2026-05-27T15:27:41.335,000273_20260527_152741_335_trace1.csv,1,3005,751,ok,
2026-05-27T15:27:46.334,000274_20260527_152746_334_trace1.csv,1,3005,751,ok,
2026-05-27T15:27:51.334,000275_20260527_152751_334_trace1.csv,1,3005,751,ok,
2026-05-27T15:27:56.338,000276_20260527_152756_338_trace1.csv,1,3005,751,ok,
2026-05-27T15:28:01.345,000277_20260527_152801_345_trace1.csv,1,3005,751,ok,
2026-05-27T15:28:06.329,000278_20260527_152806_329_trace1.csv,1,3005,751,ok,
2026-05-27T15:28:11.319,000279_20260527_152811_319_trace1.csv,1,3005,751,ok,
2026-05-27T15:28:16.326,000280_20260527_152816_326_trace1.csv,1,3005,751,ok,
2026-05-27T15:28:21.337,000281_20260527_152821_337_trace1.csv,1,3005,751,ok,
2026-05-27T15:28:26.339,000282_20260527_152826_339_trace1.csv,1,3005,751,ok,
2026-05-27T15:28:31.325,000283_20260527_152831_325_trace1.csv,1,3005,751,ok,
2026-05-27T15:28:36.324,000284_20260527_152836_324_trace1.csv,1,3005,751,ok,
2026-05-27T15:28:41.327,000285_20260527_152841_327_trace1.csv,1,3005,751,ok,
2026-05-27T15:28:46.325,000286_20260527_152846_325_trace1.csv,1,3005,751,ok,
2026-05-27T15:28:51.323,000287_20260527_152851_323_trace1.csv,1,3005,751,ok,
2026-05-27T15:28:56.329,000288_20260527_152856_329_trace1.csv,1,3005,751,ok,
2026-05-27T15:29:01.333,000289_20260527_152901_333_trace1.csv,1,3005,751,ok,
2026-05-27T15:29:06.325,000290_20260527_152906_325_trace1.csv,1,3005,751,ok,
2026-05-27T15:29:11.333,000291_20260527_152911_333_trace1.csv,1,3005,751,ok,
2026-05-27T15:29:16.334,000292_20260527_152916_334_trace1.csv,1,3005,750,ok,
2026-05-27T15:29:21.331,000293_20260527_152921_331_trace1.csv,1,3005,751,ok,
2026-05-27T15:29:26.330,000294_20260527_152926_330_trace1.csv,1,3005,751,ok,
2026-05-27T15:29:31.323,000295_20260527_152931_323_trace1.csv,1,3005,751,ok,
2026-05-27T15:29:36.324,000296_20260527_152936_324_trace1.csv,1,3005,751,ok,
2026-05-27T15:29:41.322,000297_20260527_152941_322_trace1.csv,1,3005,751,ok,
2026-05-27T15:29:46.318,000298_20260527_152946_318_trace1.csv,1,3005,751,ok,
2026-05-27T15:29:51.329,000299_20260527_152951_329_trace1.csv,1,3005,751,ok,
2026-05-27T15:29:56.320,000300_20260527_152956_320_trace1.csv,1,3005,751,ok,
2026-05-27T15:30:01.329,000301_20260527_153001_329_trace1.csv,1,3005,751,ok,
2026-05-27T15:30:06.330,000302_20260527_153006_330_trace1.csv,1,3005,751,ok,
2026-05-27T15:30:11.329,000303_20260527_153011_329_trace1.csv,1,3005,751,ok,
2026-05-27T15:30:16.316,000304_20260527_153016_316_trace1.csv,1,3005,751,ok,
2026-05-27T15:30:21.322,000305_20260527_153021_322_trace1.csv,1,3005,751,ok,
2026-05-27T15:30:26.326,000306_20260527_153026_326_trace1.csv,1,3005,751,ok,
2026-05-27T15:30:31.324,000307_20260527_153031_324_trace1.csv,1,3005,751,ok,
2026-05-27T15:30:36.319,000308_20260527_153036_319_trace1.csv,1,3005,751,ok,
2026-05-27T15:30:41.333,000309_20260527_153041_333_trace1.csv,1,3005,751,ok,
2026-05-27T15:30:46.327,000310_20260527_153046_327_trace1.csv,1,3005,751,ok,
2026-05-27T15:30:51.324,000311_20260527_153051_324_trace1.csv,1,3005,751,ok,
2026-05-27T15:30:56.331,000312_20260527_153056_331_trace1.csv,1,3005,751,ok,
2026-05-27T15:31:01.341,000313_20260527_153101_341_trace1.csv,1,3005,751,ok,
2026-05-27T15:31:06.333,000314_20260527_153106_333_trace1.csv,1,3005,751,ok,
2026-05-27T15:31:11.339,000315_20260527_153111_339_trace1.csv,1,3005,751,ok,
2026-05-27T15:31:16.320,000316_20260527_153116_320_trace1.csv,1,3005,751,ok,
2026-05-27T15:31:21.329,000317_20260527_153121_329_trace1.csv,1,3005,751,ok,
2026-05-27T15:31:26.315,000318_20260527_153126_315_trace1.csv,1,3005,751,ok,
2026-05-27T15:31:31.328,000319_20260527_153131_328_trace1.csv,1,3005,751,ok,
2026-05-27T15:31:36.324,000320_20260527_153136_324_trace1.csv,1,3005,750,ok,
2026-05-27T15:31:41.330,000321_20260527_153141_330_trace1.csv,1,3005,751,ok,
2026-05-27T15:31:46.328,000322_20260527_153146_328_trace1.csv,1,3005,751,ok,
2026-05-27T15:31:51.329,000323_20260527_153151_329_trace1.csv,1,3005,751,ok,
2026-05-27T15:31:56.328,000324_20260527_153156_328_trace1.csv,1,3005,751,ok,
2026-05-27T15:32:01.322,000325_20260527_153201_322_trace1.csv,1,3005,751,ok,
2026-05-27T15:32:06.318,000326_20260527_153206_318_trace1.csv,1,3005,751,ok,
2026-05-27T15:32:11.341,000327_20260527_153211_341_trace1.csv,1,3005,751,ok,
2026-05-27T15:32:16.336,000328_20260527_153216_336_trace1.csv,1,3005,751,ok,
2026-05-27T15:32:21.314,000329_20260527_153221_314_trace1.csv,1,3005,751,ok,
2026-05-27T15:32:26.336,000330_20260527_153226_336_trace1.csv,1,3005,751,ok,
2026-05-27T15:32:31.319,000331_20260527_153231_319_trace1.csv,1,3005,751,ok,
2026-05-27T15:32:36.334,000332_20260527_153236_334_trace1.csv,1,3005,751,ok,
2026-05-27T15:32:41.327,000333_20260527_153241_327_trace1.csv,1,3005,751,ok,
2026-05-27T15:32:46.329,000334_20260527_153246_329_trace1.csv,1,3005,751,ok,
2026-05-27T15:32:51.326,000335_20260527_153251_326_trace1.csv,1,3005,750,ok,
2026-05-27T15:32:56.320,000336_20260527_153256_320_trace1.csv,1,3005,750,ok,
2026-05-27T15:33:01.335,000337_20260527_153301_335_trace1.csv,1,3005,751,ok,
2026-05-27T15:33:06.321,000338_20260527_153306_321_trace1.csv,1,3005,751,ok,
2026-05-27T15:33:11.315,000339_20260527_153311_315_trace1.csv,1,3005,751,ok,
2026-05-27T15:33:16.334,000340_20260527_153316_334_trace1.csv,1,3005,751,ok,
2026-05-27T15:33:21.316,000341_20260527_153321_316_trace1.csv,1,3005,751,ok,
2026-05-27T15:33:26.336,000342_20260527_153326_336_trace1.csv,1,3005,751,ok,
2026-05-27T15:33:31.322,000343_20260527_153331_322_trace1.csv,1,3005,751,ok,
2026-05-27T15:33:36.326,000344_20260527_153336_326_trace1.csv,1,3005,751,ok,
2026-05-27T15:33:41.327,000345_20260527_153341_327_trace1.csv,1,3005,751,ok,
2026-05-27T15:33:46.324,000346_20260527_153346_324_trace1.csv,1,3005,751,ok,
2026-05-27T15:33:51.330,000347_20260527_153351_330_trace1.csv,1,3005,751,ok,
2026-05-27T15:33:56.329,000348_20260527_153356_329_trace1.csv,1,3005,751,ok,
2026-05-27T15:34:01.327,000349_20260527_153401_327_trace1.csv,1,3005,751,ok,
2026-05-27T15:34:06.338,000350_20260527_153406_338_trace1.csv,1,3005,751,ok,
2026-05-27T15:34:11.331,000351_20260527_153411_331_trace1.csv,1,3005,751,ok,
2026-05-27T15:34:16.329,000352_20260527_153416_329_trace1.csv,1,3005,751,ok,
2026-05-27T15:34:21.334,000353_20260527_153421_334_trace1.csv,1,3005,751,ok,
2026-05-27T15:34:26.337,000354_20260527_153426_337_trace1.csv,1,3005,751,ok,
2026-05-27T15:34:31.328,000355_20260527_153431_328_trace1.csv,1,3005,751,ok,
2026-05-27T15:34:36.329,000356_20260527_153436_329_trace1.csv,1,3005,751,ok,
2026-05-27T15:34:41.333,000357_20260527_153441_333_trace1.csv,1,3005,751,ok,
2026-05-27T15:34:46.312,000358_20260527_153446_312_trace1.csv,1,3005,751,ok,
2026-05-27T15:34:51.328,000359_20260527_153451_328_trace1.csv,1,3005,751,ok,
2026-05-27T15:34:56.320,000360_20260527_153456_320_trace1.csv,1,3005,751,ok,
2026-05-27T15:35:01.311,000361_20260527_153501_311_trace1.csv,1,3005,751,ok,
2026-05-27T15:35:06.317,000362_20260527_153506_317_trace1.csv,1,3005,751,ok,
2026-05-27T15:35:11.323,000363_20260527_153511_323_trace1.csv,1,3005,751,ok,
2026-05-27T15:35:16.316,000364_20260527_153516_316_trace1.csv,1,3005,751,ok,
2026-05-27T15:35:21.332,000365_20260527_153521_332_trace1.csv,1,3005,751,ok,
2026-05-27T15:35:26.322,000366_20260527_153526_322_trace1.csv,1,3005,751,ok,
2026-05-27T15:35:31.317,000367_20260527_153531_317_trace1.csv,1,3005,751,ok,
2026-05-27T15:35:36.324,000368_20260527_153536_324_trace1.csv,1,3005,751,ok,
2026-05-27T15:35:41.315,000369_20260527_153541_315_trace1.csv,1,3005,751,ok,
2026-05-27T15:35:46.317,000370_20260527_153546_317_trace1.csv,1,3005,751,ok,
2026-05-27T15:35:51.317,000371_20260527_153551_317_trace1.csv,1,3005,751,ok,
2026-05-27T15:35:56.320,000372_20260527_153556_320_trace1.csv,1,3005,751,ok,
2026-05-27T15:36:01.314,000373_20260527_153601_314_trace1.csv,1,3005,751,ok,
2026-05-27T15:36:06.335,000374_20260527_153606_335_trace1.csv,1,3005,751,ok,
2026-05-27T15:36:11.318,000375_20260527_153611_318_trace1.csv,1,3005,751,ok,
2026-05-27T15:36:16.324,000376_20260527_153616_324_trace1.csv,1,3005,751,ok,
2026-05-27T15:36:21.317,000377_20260527_153621_317_trace1.csv,1,3005,751,ok,
2026-05-27T15:36:26.326,000378_20260527_153626_326_trace1.csv,1,3005,751,ok,
2026-05-27T15:36:31.328,000379_20260527_153631_328_trace1.csv,1,3005,751,ok,
2026-05-27T15:36:36.336,000380_20260527_153636_336_trace1.csv,1,3005,751,ok,
2026-05-27T15:36:41.314,000381_20260527_153641_314_trace1.csv,1,3005,751,ok,
2026-05-27T15:36:46.308,000382_20260527_153646_308_trace1.csv,1,3005,751,ok,
2026-05-27T15:36:51.309,000383_20260527_153651_309_trace1.csv,1,3005,751,ok,
2026-05-27T15:36:56.324,000384_20260527_153656_324_trace1.csv,1,3005,751,ok,
2026-05-27T15:37:01.325,000385_20260527_153701_325_trace1.csv,1,3005,751,ok,
2026-05-27T15:37:06.325,000386_20260527_153706_325_trace1.csv,1,3005,751,ok,
2026-05-27T15:37:11.332,000387_20260527_153711_332_trace1.csv,1,3005,751,ok,
2026-05-27T15:37:16.320,000388_20260527_153716_320_trace1.csv,1,3005,751,ok,
2026-05-27T15:37:21.326,000389_20260527_153721_326_trace1.csv,1,3005,751,ok,
2026-05-27T15:37:26.334,000390_20260527_153726_334_trace1.csv,1,3005,751,ok,
2026-05-27T15:37:31.330,000391_20260527_153731_330_trace1.csv,1,3005,751,ok,
2026-05-27T15:37:36.324,000392_20260527_153736_324_trace1.csv,1,3005,751,ok,
2026-05-27T15:37:41.323,000393_20260527_153741_323_trace1.csv,1,3005,751,ok,
2026-05-27T15:37:46.320,000394_20260527_153746_320_trace1.csv,1,3005,751,ok,
2026-05-27T15:37:51.316,000395_20260527_153751_316_trace1.csv,1,3005,750,ok,
2026-05-27T15:37:56.318,000396_20260527_153756_318_trace1.csv,1,3005,751,ok,
2026-05-27T15:38:01.322,000397_20260527_153801_322_trace1.csv,1,3005,751,ok,
2026-05-27T15:38:06.320,000398_20260527_153806_320_trace1.csv,1,3005,751,ok,
2026-05-27T15:38:11.325,000399_20260527_153811_325_trace1.csv,1,3005,751,ok,
2026-05-27T15:38:16.328,000400_20260527_153816_328_trace1.csv,1,3005,751,ok,
2026-05-27T15:38:21.327,000401_20260527_153821_327_trace1.csv,1,3005,751,ok,
2026-05-27T15:38:26.325,000402_20260527_153826_325_trace1.csv,1,3005,751,ok,
2026-05-27T15:38:31.322,000403_20260527_153831_322_trace1.csv,1,3005,751,ok,
2026-05-27T15:38:36.327,000404_20260527_153836_327_trace1.csv,1,3005,751,ok,
2026-05-27T15:38:41.325,000405_20260527_153841_325_trace1.csv,1,3005,751,ok,
2026-05-27T15:38:46.320,000406_20260527_153846_320_trace1.csv,1,3005,751,ok,
2026-05-27T15:38:51.325,000407_20260527_153851_325_trace1.csv,1,3005,751,ok,
2026-05-27T15:38:56.326,000408_20260527_153856_326_trace1.csv,1,3005,751,ok,
2026-05-27T15:39:01.334,000409_20260527_153901_334_trace1.csv,1,3005,751,ok,
2026-05-27T15:39:06.319,000410_20260527_153906_319_trace1.csv,1,3005,751,ok,
2026-05-27T15:39:11.325,000411_20260527_153911_325_trace1.csv,1,3005,751,ok,
2026-05-27T15:39:16.330,000412_20260527_153916_330_trace1.csv,1,3005,751,ok,
2026-05-27T15:39:21.318,000413_20260527_153921_318_trace1.csv,1,3005,751,ok,
2026-05-27T15:39:26.318,000414_20260527_153926_318_trace1.csv,1,3005,751,ok,
2026-05-27T15:39:31.330,000415_20260527_153931_330_trace1.csv,1,3005,751,ok,
2026-05-27T15:39:36.320,000416_20260527_153936_320_trace1.csv,1,3005,751,ok,
2026-05-27T15:39:41.330,000417_20260527_153941_330_trace1.csv,1,3005,751,ok,
2026-05-27T15:39:46.316,000418_20260527_153946_316_trace1.csv,1,3005,751,ok,
2026-05-27T15:39:51.312,000419_20260527_153951_312_trace1.csv,1,3005,751,ok,
2026-05-27T15:39:56.319,000420_20260527_153956_319_trace1.csv,1,3005,751,ok,
2026-05-27T15:40:01.328,000421_20260527_154001_328_trace1.csv,1,3005,751,ok,
2026-05-27T15:40:06.306,000422_20260527_154006_306_trace1.csv,1,3005,751,ok,
2026-05-27T15:40:11.324,000423_20260527_154011_324_trace1.csv,1,3005,751,ok,
2026-05-27T15:40:16.326,000424_20260527_154016_326_trace1.csv,1,3005,751,ok,
2026-05-27T15:40:21.325,000425_20260527_154021_325_trace1.csv,1,3005,751,ok,
2026-05-27T15:40:26.310,000426_20260527_154026_310_trace1.csv,1,3005,751,ok,
2026-05-27T15:40:31.313,000427_20260527_154031_313_trace1.csv,1,3005,751,ok,
2026-05-27T15:40:36.314,000428_20260527_154036_314_trace1.csv,1,3005,751,ok,
2026-05-27T15:40:41.312,000429_20260527_154041_312_trace1.csv,1,3005,751,ok,
2026-05-27T15:40:46.313,000430_20260527_154046_313_trace1.csv,1,3005,751,ok,
2026-05-27T15:40:51.329,000431_20260527_154051_329_trace1.csv,1,3005,751,ok,
2026-05-27T15:40:56.318,000432_20260527_154056_318_trace1.csv,1,3005,751,ok,
2026-05-27T15:41:01.319,000433_20260527_154101_319_trace1.csv,1,3005,751,ok,
2026-05-27T15:41:06.321,000434_20260527_154106_321_trace1.csv,1,3005,751,ok,
2026-05-27T15:41:11.316,000435_20260527_154111_316_trace1.csv,1,3005,751,ok,
2026-05-27T15:41:16.327,000436_20260527_154116_327_trace1.csv,1,3005,751,ok,
2026-05-27T15:41:21.309,000437_20260527_154121_309_trace1.csv,1,3005,751,ok,
2026-05-27T15:41:26.328,000438_20260527_154126_328_trace1.csv,1,3005,751,ok,
2026-05-27T15:41:31.317,000439_20260527_154131_317_trace1.csv,1,3005,751,ok,
2026-05-27T15:41:36.326,000440_20260527_154136_326_trace1.csv,1,3005,751,ok,
2026-05-27T15:41:41.319,000441_20260527_154141_319_trace1.csv,1,3005,751,ok,
2026-05-27T15:41:46.312,000442_20260527_154146_312_trace1.csv,1,3005,750,ok,
2026-05-27T15:41:51.311,000443_20260527_154151_311_trace1.csv,1,3005,751,ok,
2026-05-27T15:41:56.309,000444_20260527_154156_309_trace1.csv,1,3005,751,ok,
2026-05-27T15:42:01.318,000445_20260527_154201_318_trace1.csv,1,3005,751,ok,
2026-05-27T15:42:06.327,000446_20260527_154206_327_trace1.csv,1,3005,751,ok,
2026-05-27T15:42:11.310,000447_20260527_154211_310_trace1.csv,1,3005,751,ok,
2026-05-27T15:42:16.318,000448_20260527_154216_318_trace1.csv,1,3005,751,ok,
2026-05-27T15:42:21.312,000449_20260527_154221_312_trace1.csv,1,3005,751,ok,
2026-05-27T15:42:26.318,000450_20260527_154226_318_trace1.csv,1,3005,751,ok,
2026-05-27T15:42:31.318,000451_20260527_154231_318_trace1.csv,1,3005,751,ok,
2026-05-27T15:42:36.314,000452_20260527_154236_314_trace1.csv,1,3005,751,ok,
2026-05-27T15:42:41.322,000453_20260527_154241_322_trace1.csv,1,3005,751,ok,
2026-05-27T15:42:46.309,000454_20260527_154246_309_trace1.csv,1,3005,751,ok,
2026-05-27T15:42:51.312,000455_20260527_154251_312_trace1.csv,1,3005,751,ok,
2026-05-27T15:42:56.318,000456_20260527_154256_318_trace1.csv,1,3005,751,ok,
2026-05-27T15:43:01.306,000457_20260527_154301_306_trace1.csv,1,3005,751,ok,
2026-05-27T15:43:06.311,000458_20260527_154306_311_trace1.csv,1,3005,751,ok,
2026-05-27T15:43:11.315,000459_20260527_154311_315_trace1.csv,1,3005,751,ok,
2026-05-27T15:43:16.309,000460_20260527_154316_309_trace1.csv,1,3005,751,ok,
2026-05-27T15:43:21.306,000461_20260527_154321_306_trace1.csv,1,3005,751,ok,
2026-05-27T15:43:26.315,000462_20260527_154326_315_trace1.csv,1,3005,751,ok,
2026-05-27T15:43:31.321,000463_20260527_154331_321_trace1.csv,1,3005,751,ok,
2026-05-27T15:43:36.320,000464_20260527_154336_320_trace1.csv,1,3005,751,ok,
2026-05-27T15:43:41.314,000465_20260527_154341_314_trace1.csv,1,3005,751,ok,
2026-05-27T15:43:46.325,000466_20260527_154346_325_trace1.csv,1,3005,751,ok,
2026-05-27T15:43:51.315,000467_20260527_154351_315_trace1.csv,1,3005,751,ok,
2026-05-27T15:43:56.322,000468_20260527_154356_322_trace1.csv,1,3005,751,ok,
2026-05-27T15:44:01.322,000469_20260527_154401_322_trace1.csv,1,3005,751,ok,
2026-05-27T15:44:06.316,000470_20260527_154406_316_trace1.csv,1,3005,751,ok,
2026-05-27T15:44:11.317,000471_20260527_154411_317_trace1.csv,1,3005,751,ok,
2026-05-27T15:44:16.317,000472_20260527_154416_317_trace1.csv,1,3005,751,ok,
2026-05-27T15:44:21.324,000473_20260527_154421_324_trace1.csv,1,3005,751,ok,
2026-05-27T15:44:26.311,000474_20260527_154426_311_trace1.csv,1,3005,751,ok,
2026-05-27T15:44:31.315,000475_20260527_154431_315_trace1.csv,1,3005,750,ok,
2026-05-27T15:44:36.320,000476_20260527_154436_320_trace1.csv,1,3005,751,ok,
2026-05-27T15:44:41.319,000477_20260527_154441_319_trace1.csv,1,3005,751,ok,
2026-05-27T15:44:46.323,000478_20260527_154446_323_trace1.csv,1,3005,751,ok,
2026-05-27T15:44:51.314,000479_20260527_154451_314_trace1.csv,1,3005,750,ok,
2026-05-27T15:44:56.309,000480_20260527_154456_309_trace1.csv,1,3005,751,ok,
2026-05-27T15:45:01.305,000481_20260527_154501_305_trace1.csv,1,3005,751,ok,
2026-05-27T15:45:06.316,000482_20260527_154506_316_trace1.csv,1,3005,751,ok,
2026-05-27T15:45:11.322,000483_20260527_154511_322_trace1.csv,1,3005,751,ok,
2026-05-27T15:45:16.308,000484_20260527_154516_308_trace1.csv,1,3005,751,ok,
2026-05-27T15:45:21.314,000485_20260527_154521_314_trace1.csv,1,3005,751,ok,
2026-05-27T15:45:26.322,000486_20260527_154526_322_trace1.csv,1,3005,751,ok,
2026-05-27T15:45:31.302,000487_20260527_154531_302_trace1.csv,1,3005,751,ok,
2026-05-27T15:45:36.323,000488_20260527_154536_323_trace1.csv,1,3005,751,ok,
2026-05-27T15:45:41.323,000489_20260527_154541_323_trace1.csv,1,3005,751,ok,
2026-05-27T15:45:46.304,000490_20260527_154546_304_trace1.csv,1,3005,751,ok,
2026-05-27T15:45:51.314,000491_20260527_154551_314_trace1.csv,1,3005,751,ok,
2026-05-27T15:45:56.320,000492_20260527_154556_320_trace1.csv,1,3005,751,ok,
2026-05-27T15:46:01.314,000493_20260527_154601_314_trace1.csv,1,3005,751,ok,
2026-05-27T15:46:06.314,000494_20260527_154606_314_trace1.csv,1,3005,751,ok,
2026-05-27T15:46:11.316,000495_20260527_154611_316_trace1.csv,1,3005,751,ok,
2026-05-27T15:46:16.308,000496_20260527_154616_308_trace1.csv,1,3005,751,ok,
2026-05-27T15:46:21.310,000497_20260527_154621_310_trace1.csv,1,3005,751,ok,
2026-05-27T15:46:26.314,000498_20260527_154626_314_trace1.csv,1,3005,751,ok,
2026-05-27T15:46:31.314,000499_20260527_154631_314_trace1.csv,1,3005,751,ok,
2026-05-27T15:46:36.311,000500_20260527_154636_311_trace1.csv,1,3005,751,ok,
2026-05-27T15:46:41.321,000501_20260527_154641_321_trace1.csv,1,3005,751,ok,
2026-05-27T15:46:46.300,000502_20260527_154646_300_trace1.csv,1,3005,751,ok,
2026-05-27T15:46:51.310,000503_20260527_154651_310_trace1.csv,1,3005,751,ok,
2026-05-27T15:46:56.317,000504_20260527_154656_317_trace1.csv,1,3005,751,ok,
2026-05-27T15:47:01.315,000505_20260527_154701_315_trace1.csv,1,3005,751,ok,
2026-05-27T15:47:06.323,000506_20260527_154706_323_trace1.csv,1,3005,751,ok,
2026-05-27T15:47:11.310,000507_20260527_154711_310_trace1.csv,1,3005,751,ok,
2026-05-27T15:47:16.305,000508_20260527_154716_305_trace1.csv,1,3005,751,ok,
2026-05-27T15:47:21.307,000509_20260527_154721_307_trace1.csv,1,3005,751,ok,
2026-05-27T15:47:26.306,000510_20260527_154726_306_trace1.csv,1,3005,751,ok,
2026-05-27T15:47:31.310,000511_20260527_154731_310_trace1.csv,1,3005,751,ok,
2026-05-27T15:47:36.317,000512_20260527_154736_317_trace1.csv,1,3005,751,ok,
2026-05-27T15:47:41.317,000513_20260527_154741_317_trace1.csv,1,3005,751,ok,
2026-05-27T15:47:46.309,000514_20260527_154746_309_trace1.csv,1,3005,751,ok,
2026-05-27T15:47:51.316,000515_20260527_154751_316_trace1.csv,1,3005,751,ok,
2026-05-27T15:47:56.316,000516_20260527_154756_316_trace1.csv,1,3005,751,ok,
2026-05-27T15:48:01.311,000517_20260527_154801_311_trace1.csv,1,3005,751,ok,
2026-05-27T15:48:06.317,000518_20260527_154806_317_trace1.csv,1,3005,751,ok,
2026-05-27T15:48:11.310,000519_20260527_154811_310_trace1.csv,1,3005,751,ok,
2026-05-27T15:48:16.306,000520_20260527_154816_306_trace1.csv,1,3005,751,ok,
2026-05-27T15:48:21.308,000521_20260527_154821_308_trace1.csv,1,3005,751,ok,
2026-05-27T15:48:26.304,000522_20260527_154826_304_trace1.csv,1,3005,751,ok,
2026-05-27T15:48:31.305,000523_20260527_154831_305_trace1.csv,1,3005,751,ok,
2026-05-27T15:48:36.308,000524_20260527_154836_308_trace1.csv,1,3005,751,ok,
2026-05-27T15:48:41.323,000525_20260527_154841_323_trace1.csv,1,3005,751,ok,
2026-05-27T15:48:46.309,000526_20260527_154846_309_trace1.csv,1,3005,751,ok,
2026-05-27T15:48:51.309,000527_20260527_154851_309_trace1.csv,1,3005,751,ok,
2026-05-27T15:48:56.311,000528_20260527_154856_311_trace1.csv,1,3005,751,ok,
2026-05-27T15:49:01.305,000529_20260527_154901_305_trace1.csv,1,3005,751,ok,
2026-05-27T15:49:06.314,000530_20260527_154906_314_trace1.csv,1,3005,751,ok,
2026-05-27T15:49:11.312,000531_20260527_154911_312_trace1.csv,1,3005,751,ok,
2026-05-27T15:49:16.314,000532_20260527_154916_314_trace1.csv,1,3005,751,ok,
2026-05-27T15:49:21.310,000533_20260527_154921_310_trace1.csv,1,3005,751,ok,
2026-05-27T15:49:26.316,000534_20260527_154926_316_trace1.csv,1,3005,751,ok,
2026-05-27T15:49:31.298,000535_20260527_154931_298_trace1.csv,1,3005,751,ok,
2026-05-27T15:49:36.317,000536_20260527_154936_317_trace1.csv,1,3005,751,ok,
2026-05-27T15:49:41.311,000537_20260527_154941_311_trace1.csv,1,3005,751,ok,
2026-05-27T15:49:46.308,000538_20260527_154946_308_trace1.csv,1,3005,751,ok,
2026-05-27T15:49:51.299,000539_20260527_154951_299_trace1.csv,1,3005,751,ok,
2026-05-27T15:49:56.310,000540_20260527_154956_310_trace1.csv,1,3005,751,ok,
2026-05-27T15:50:01.307,000541_20260527_155001_307_trace1.csv,1,3005,751,ok,
2026-05-27T15:50:06.310,000542_20260527_155006_310_trace1.csv,1,3005,751,ok,
2026-05-27T15:50:11.310,000543_20260527_155011_310_trace1.csv,1,3005,751,ok,
2026-05-27T15:50:16.302,000544_20260527_155016_302_trace1.csv,1,3005,751,ok,
2026-05-27T15:50:21.320,000545_20260527_155021_320_trace1.csv,1,3005,751,ok,
2026-05-27T15:50:26.304,000546_20260527_155026_304_trace1.csv,1,3005,751,ok,
2026-05-27T15:50:31.306,000547_20260527_155031_306_trace1.csv,1,3005,751,ok,
2026-05-27T15:50:36.305,000548_20260527_155036_305_trace1.csv,1,3005,751,ok,
2026-05-27T15:50:41.312,000549_20260527_155041_312_trace1.csv,1,3005,751,ok,
2026-05-27T15:50:46.319,000550_20260527_155046_319_trace1.csv,1,3005,751,ok,
2026-05-27T15:50:51.298,000551_20260527_155051_298_trace1.csv,1,3005,751,ok,
2026-05-27T15:50:56.307,000552_20260527_155056_307_trace1.csv,1,3005,751,ok,
2026-05-27T15:51:01.309,000553_20260527_155101_309_trace1.csv,1,3005,751,ok,
2026-05-27T15:51:06.309,000554_20260527_155106_309_trace1.csv,1,3005,751,ok,
2026-05-27T15:51:11.302,000555_20260527_155111_302_trace1.csv,1,3005,751,ok,
2026-05-27T15:51:16.303,000556_20260527_155116_303_trace1.csv,1,3005,751,ok,
2026-05-27T15:51:21.316,000557_20260527_155121_316_trace1.csv,1,3005,750,ok,
2026-05-27T15:51:26.308,000558_20260527_155126_308_trace1.csv,1,3005,751,ok,
2026-05-27T15:51:31.306,000559_20260527_155131_306_trace1.csv,1,3005,751,ok,
2026-05-27T15:51:36.301,000560_20260527_155136_301_trace1.csv,1,3005,751,ok,
2026-05-27T15:51:41.310,000561_20260527_155141_310_trace1.csv,1,3005,751,ok,
2026-05-27T15:51:46.309,000562_20260527_155146_309_trace1.csv,1,3005,751,ok,
2026-05-27T15:51:51.304,000563_20260527_155151_304_trace1.csv,1,3005,751,ok,
2026-05-27T15:51:56.309,000564_20260527_155156_309_trace1.csv,1,3005,751,ok,
2026-05-27T15:52:01.313,000565_20260527_155201_313_trace1.csv,1,3005,751,ok,
2026-05-27T15:52:06.307,000566_20260527_155206_307_trace1.csv,1,3005,751,ok,
2026-05-27T15:52:11.310,000567_20260527_155211_310_trace1.csv,1,3005,751,ok,
2026-05-27T15:52:16.306,000568_20260527_155216_306_trace1.csv,1,3005,751,ok,
2026-05-27T15:52:21.312,000569_20260527_155221_312_trace1.csv,1,3005,751,ok,
2026-05-27T15:52:26.315,000570_20260527_155226_315_trace1.csv,1,3005,751,ok,
2026-05-27T15:52:31.319,000571_20260527_155231_319_trace1.csv,1,3005,751,ok,
2026-05-27T15:52:36.302,000572_20260527_155236_302_trace1.csv,1,3005,751,ok,
2026-05-27T15:52:41.311,000573_20260527_155241_311_trace1.csv,1,3005,751,ok,
2026-05-27T15:52:46.305,000574_20260527_155246_305_trace1.csv,1,3005,751,ok,
2026-05-27T15:52:51.315,000575_20260527_155251_315_trace1.csv,1,3005,751,ok,
2026-05-27T15:52:56.307,000576_20260527_155256_307_trace1.csv,1,3005,751,ok,
2026-05-27T15:53:01.307,000577_20260527_155301_307_trace1.csv,1,3005,750,ok,
2026-05-27T15:53:06.316,000578_20260527_155306_316_trace1.csv,1,3005,751,ok,
2026-05-27T15:53:11.299,000579_20260527_155311_299_trace1.csv,1,3005,751,ok,
2026-05-27T15:53:16.308,000580_20260527_155316_308_trace1.csv,1,3005,750,ok,
2026-05-27T15:53:21.311,000581_20260527_155321_311_trace1.csv,1,3005,751,ok,
2026-05-27T15:53:26.313,000582_20260527_155326_313_trace1.csv,1,3005,751,ok,
2026-05-27T15:53:31.310,000583_20260527_155331_310_trace1.csv,1,3005,751,ok,
2026-05-27T15:53:36.312,000584_20260527_155336_312_trace1.csv,1,3005,751,ok,
2026-05-27T15:53:41.298,000585_20260527_155341_298_trace1.csv,1,3005,751,ok,
2026-05-27T15:53:46.315,000586_20260527_155346_315_trace1.csv,1,3005,751,ok,
2026-05-27T15:53:51.303,000587_20260527_155351_303_trace1.csv,1,3005,751,ok,
2026-05-27T15:53:56.311,000588_20260527_155356_311_trace1.csv,1,3005,751,ok,
2026-05-27T15:54:01.305,000589_20260527_155401_305_trace1.csv,1,3005,751,ok,
2026-05-27T15:54:06.307,000590_20260527_155406_307_trace1.csv,1,3005,751,ok,
2026-05-27T15:54:11.317,000591_20260527_155411_317_trace1.csv,1,3005,751,ok,
2026-05-27T15:54:16.304,000592_20260527_155416_304_trace1.csv,1,3005,751,ok,
2026-05-27T15:54:21.309,000593_20260527_155421_309_trace1.csv,1,3005,751,ok,
2026-05-27T15:54:26.314,000594_20260527_155426_314_trace1.csv,1,3005,751,ok,
2026-05-27T15:54:31.299,000595_20260527_155431_299_trace1.csv,1,3005,751,ok,
2026-05-27T15:54:36.308,000596_20260527_155436_308_trace1.csv,1,3005,751,ok,
2026-05-27T15:54:41.306,000597_20260527_155441_306_trace1.csv,1,3005,751,ok,
2026-05-27T15:54:46.306,000598_20260527_155446_306_trace1.csv,1,3005,751,ok,
2026-05-27T15:54:51.306,000599_20260527_155451_306_trace1.csv,1,3005,751,ok,
2026-05-27T15:54:56.299,000600_20260527_155456_299_trace1.csv,1,3005,751,ok,
2026-05-27T15:55:01.294,000601_20260527_155501_294_trace1.csv,1,3005,751,ok,
2026-05-27T15:55:06.319,000602_20260527_155506_319_trace1.csv,1,3005,751,ok,
2026-05-27T15:55:11.306,000603_20260527_155511_306_trace1.csv,1,3005,751,ok,
2026-05-27T15:55:16.312,000604_20260527_155516_312_trace1.csv,1,3005,751,ok,
2026-05-27T15:55:21.303,000605_20260527_155521_303_trace1.csv,1,3005,751,ok,
2026-05-27T15:55:26.307,000606_20260527_155526_307_trace1.csv,1,3005,751,ok,
2026-05-27T15:55:31.305,000607_20260527_155531_305_trace1.csv,1,3005,751,ok,
2026-05-27T15:55:36.306,000608_20260527_155536_306_trace1.csv,1,3005,751,ok,
2026-05-27T15:55:41.307,000609_20260527_155541_307_trace1.csv,1,3005,751,ok,
2026-05-27T15:55:46.304,000610_20260527_155546_304_trace1.csv,1,3005,751,ok,
2026-05-27T15:55:51.300,000611_20260527_155551_300_trace1.csv,1,3005,751,ok,
2026-05-27T15:55:56.299,000612_20260527_155556_299_trace1.csv,1,3005,751,ok,
2026-05-27T15:56:01.300,000613_20260527_155601_300_trace1.csv,1,3005,751,ok,
2026-05-27T15:56:06.295,000614_20260527_155606_295_trace1.csv,1,3005,751,ok,
2026-05-27T15:56:11.306,000615_20260527_155611_306_trace1.csv,1,3005,751,ok,
2026-05-27T15:56:16.303,000616_20260527_155616_303_trace1.csv,1,3005,751,ok,
2026-05-27T15:56:21.302,000617_20260527_155621_302_trace1.csv,1,3005,751,ok,
2026-05-27T15:56:26.297,000618_20260527_155626_297_trace1.csv,1,3005,751,ok,
2026-05-27T15:56:31.302,000619_20260527_155631_302_trace1.csv,1,3005,751,ok,
2026-05-27T15:56:36.303,000620_20260527_155636_303_trace1.csv,1,3005,751,ok,
2026-05-27T15:56:41.304,000621_20260527_155641_304_trace1.csv,1,3005,751,ok,
2026-05-27T15:56:46.310,000622_20260527_155646_310_trace1.csv,1,3005,751,ok,
2026-05-27T15:56:51.298,000623_20260527_155651_298_trace1.csv,1,3005,751,ok,
2026-05-27T15:56:56.293,000624_20260527_155656_293_trace1.csv,1,3005,751,ok,
2026-05-27T15:57:01.300,000625_20260527_155701_300_trace1.csv,1,3005,751,ok,
2026-05-27T15:57:06.298,000626_20260527_155706_298_trace1.csv,1,3005,751,ok,
2026-05-27T15:57:11.301,000627_20260527_155711_301_trace1.csv,1,3005,751,ok,
2026-05-27T15:57:16.308,000628_20260527_155716_308_trace1.csv,1,3005,751,ok,
2026-05-27T15:57:21.300,000629_20260527_155721_300_trace1.csv,1,3005,751,ok,
2026-05-27T15:57:26.300,000630_20260527_155726_300_trace1.csv,1,3005,751,ok,
2026-05-27T15:57:31.307,000631_20260527_155731_307_trace1.csv,1,3005,751,ok,
2026-05-27T15:57:36.313,000632_20260527_155736_313_trace1.csv,1,3005,751,ok,
2026-05-27T15:57:41.304,000633_20260527_155741_304_trace1.csv,1,3005,751,ok,
2026-05-27T15:57:46.299,000634_20260527_155746_299_trace1.csv,1,3005,751,ok,
2026-05-27T15:57:51.304,000635_20260527_155751_304_trace1.csv,1,3005,751,ok,
2026-05-27T15:57:56.309,000636_20260527_155756_309_trace1.csv,1,3005,751,ok,
2026-05-27T15:58:01.303,000637_20260527_155801_303_trace1.csv,1,3005,751,ok,
2026-05-27T15:58:06.303,000638_20260527_155806_303_trace1.csv,1,3005,751,ok,
2026-05-27T15:58:11.303,000639_20260527_155811_303_trace1.csv,1,3005,751,ok,
2026-05-27T15:58:16.310,000640_20260527_155816_310_trace1.csv,1,3005,751,ok,
2026-05-27T15:58:21.311,000641_20260527_155821_311_trace1.csv,1,3005,751,ok,
2026-05-27T15:58:26.308,000642_20260527_155826_308_trace1.bin,1,3005,,parse_failed,invalid literal for int() with base 10: b'\x95'
2026-05-27T15:58:31.303,000643_20260527_155831_303_trace1.csv,1,3005,751,ok,
2026-05-27T15:58:36.294,000644_20260527_155836_294_trace1.csv,1,3005,751,ok,
2026-05-27T15:58:41.313,000645_20260527_155841_313_trace1.csv,1,3005,751,ok,
2026-05-27T15:58:46.298,000646_20260527_155846_298_trace1.csv,1,3005,751,ok,
2026-05-27T15:58:51.313,000647_20260527_155851_313_trace1.csv,1,3005,751,ok,
2026-05-27T15:58:56.299,000648_20260527_155856_299_trace1.csv,1,3005,751,ok,
2026-05-27T15:59:01.307,000649_20260527_155901_307_trace1.csv,1,3005,751,ok,
2026-05-27T15:59:06.310,000650_20260527_155906_310_trace1.csv,1,3005,751,ok,
2026-05-27T15:59:11.308,000651_20260527_155911_308_trace1.csv,1,3005,751,ok,
2026-05-27T15:59:16.309,000652_20260527_155916_309_trace1.csv,1,3005,751,ok,
2026-05-27T15:59:21.305,000653_20260527_155921_305_trace1.csv,1,3005,751,ok,
2026-05-27T15:59:26.304,000654_20260527_155926_304_trace1.csv,1,3005,751,ok,
2026-05-27T15:59:31.298,000655_20260527_155931_298_trace1.csv,1,3005,751,ok,
2026-05-27T15:59:36.301,000656_20260527_155936_301_trace1.csv,1,3005,751,ok,
2026-05-27T15:59:41.307,000657_20260527_155941_307_trace1.csv,1,3005,751,ok,
2026-05-27T15:59:46.304,000658_20260527_155946_304_trace1.csv,1,3005,751,ok,
2026-05-27T15:59:51.300,000659_20260527_155951_300_trace1.csv,1,3005,751,ok,
2026-05-27T15:59:56.301,000660_20260527_155956_301_trace1.csv,1,3005,751,ok,
2026-05-27T16:00:01.296,000661_20260527_160001_296_trace1.csv,1,3005,751,ok,
2026-05-27T16:00:06.310,000662_20260527_160006_310_trace1.csv,1,3005,751,ok,
2026-05-27T16:00:11.297,000663_20260527_160011_297_trace1.csv,1,3005,751,ok,
2026-05-27T16:00:16.291,000664_20260527_160016_291_trace1.csv,1,3005,751,ok,
2026-05-27T16:00:21.310,000665_20260527_160021_310_trace1.csv,1,3005,751,ok,
2026-05-27T16:00:26.294,000666_20260527_160026_294_trace1.csv,1,3005,750,ok,
2026-05-27T16:00:31.296,000667_20260527_160031_296_trace1.csv,1,3005,751,ok,
2026-05-27T16:00:36.291,000668_20260527_160036_291_trace1.csv,1,3005,751,ok,
2026-05-27T16:00:41.310,000669_20260527_160041_310_trace1.csv,1,3005,751,ok,
2026-05-27T16:00:46.298,000670_20260527_160046_298_trace1.csv,1,3005,751,ok,
2026-05-27T16:00:51.309,000671_20260527_160051_309_trace1.csv,1,3005,751,ok,
2026-05-27T16:00:56.296,000672_20260527_160056_296_trace1.csv,1,3005,751,ok,
2026-05-27T16:01:01.290,000673_20260527_160101_290_trace1.csv,1,3005,751,ok,
2026-05-27T16:01:06.305,000674_20260527_160106_305_trace1.csv,1,3005,751,ok,
2026-05-27T16:01:11.304,000675_20260527_160111_304_trace1.csv,1,3005,751,ok,
2026-05-27T16:01:16.301,000676_20260527_160116_301_trace1.csv,1,3005,751,ok,
2026-05-27T16:01:21.300,000677_20260527_160121_300_trace1.csv,1,3005,751,ok,
2026-05-27T16:01:26.306,000678_20260527_160126_306_trace1.csv,1,3005,751,ok,
2026-05-27T16:01:31.301,000679_20260527_160131_301_trace1.csv,1,3005,751,ok,
2026-05-27T16:01:36.305,000680_20260527_160136_305_trace1.csv,1,3005,751,ok,
2026-05-27T16:01:41.311,000681_20260527_160141_311_trace1.csv,1,3005,751,ok,
2026-05-27T16:01:46.296,000682_20260527_160146_296_trace1.csv,1,3005,751,ok,
2026-05-27T16:01:51.294,000683_20260527_160151_294_trace1.csv,1,3005,751,ok,
2026-05-27T16:01:56.299,000684_20260527_160156_299_trace1.csv,1,3005,751,ok,
2026-05-27T16:02:01.303,000685_20260527_160201_303_trace1.csv,1,3005,751,ok,
2026-05-27T16:02:06.314,000686_20260527_160206_314_trace1.csv,1,3005,751,ok,
2026-05-27T16:02:11.299,000687_20260527_160211_299_trace1.csv,1,3005,751,ok,
2026-05-27T16:02:16.294,000688_20260527_160216_294_trace1.csv,1,3005,751,ok,
2026-05-27T16:02:21.300,000689_20260527_160221_300_trace1.csv,1,3005,751,ok,
2026-05-27T16:02:26.308,000690_20260527_160226_308_trace1.csv,1,3005,750,ok,
2026-05-27T16:02:31.290,000691_20260527_160231_290_trace1.csv,1,3005,751,ok,
2026-05-27T16:02:36.314,000692_20260527_160236_314_trace1.csv,1,3005,751,ok,
2026-05-27T16:02:41.297,000693_20260527_160241_297_trace1.csv,1,3005,750,ok,
2026-05-27T16:02:46.291,000694_20260527_160246_291_trace1.csv,1,3005,751,ok,
2026-05-27T16:02:51.292,000695_20260527_160251_292_trace1.csv,1,3005,751,ok,
2026-05-27T16:02:56.300,000696_20260527_160256_300_trace1.csv,1,3005,751,ok,
2026-05-27T16:03:01.307,000697_20260527_160301_307_trace1.csv,1,3005,751,ok,
2026-05-27T16:03:06.302,000698_20260527_160306_302_trace1.csv,1,3005,751,ok,
2026-05-27T16:03:11.301,000699_20260527_160311_301_trace1.csv,1,3005,751,ok,
2026-05-27T16:03:16.287,000700_20260527_160316_287_trace1.csv,1,3005,751,ok,
2026-05-27T16:03:21.296,000701_20260527_160321_296_trace1.csv,1,3005,751,ok,
2026-05-27T16:03:26.304,000702_20260527_160326_304_trace1.csv,1,3005,751,ok,
2026-05-27T16:03:31.303,000703_20260527_160331_303_trace1.csv,1,3005,751,ok,
2026-05-27T16:03:36.294,000704_20260527_160336_294_trace1.csv,1,3005,751,ok,
2026-05-27T16:03:41.288,000705_20260527_160341_288_trace1.csv,1,3005,751,ok,
2026-05-27T16:03:46.297,000706_20260527_160346_297_trace1.csv,1,3005,751,ok,
2026-05-27T16:03:51.306,000707_20260527_160351_306_trace1.csv,1,3005,751,ok,
2026-05-27T16:03:56.294,000708_20260527_160356_294_trace1.csv,1,3005,751,ok,
2026-05-27T16:04:01.301,000709_20260527_160401_301_trace1.csv,1,3005,751,ok,
2026-05-27T16:04:06.292,000710_20260527_160406_292_trace1.csv,1,3005,751,ok,
2026-05-27T16:04:11.293,000711_20260527_160411_293_trace1.csv,1,3005,751,ok,
2026-05-27T16:04:16.290,000712_20260527_160416_290_trace1.csv,1,3005,751,ok,
2026-05-27T16:04:21.312,000713_20260527_160421_312_trace1.csv,1,3005,751,ok,
2026-05-27T16:04:26.303,000714_20260527_160426_303_trace1.csv,1,3005,751,ok,
2026-05-27T16:04:31.301,000715_20260527_160431_301_trace1.csv,1,3005,751,ok,
2026-05-27T16:04:36.294,000716_20260527_160436_294_trace1.csv,1,3005,751,ok,
2026-05-27T16:04:41.300,000717_20260527_160441_300_trace1.csv,1,3005,751,ok,
2026-05-27T16:04:46.288,000718_20260527_160446_288_trace1.csv,1,3005,751,ok,
2026-05-27T16:04:51.298,000719_20260527_160451_298_trace1.csv,1,3005,751,ok,
2026-05-27T16:04:56.307,000720_20260527_160456_307_trace1.csv,1,3005,751,ok,
